-- phpMyAdmin SQL Dump
-- version 4.8.5
-- https://www.phpmyadmin.net/
--
-- Servidor: 127.0.0.1
-- Tiempo de generación: 18-06-2024 a las 09:57:25
-- Versión del servidor: 10.1.38-MariaDB
-- Versión de PHP: 5.6.40

SET SQL_MODE = "NO_AUTO_VALUE_ON_ZERO";
SET AUTOCOMMIT = 0;
START TRANSACTION;
SET time_zone = "+00:00";


/*!40101 SET @OLD_CHARACTER_SET_CLIENT=@@CHARACTER_SET_CLIENT */;
/*!40101 SET @OLD_CHARACTER_SET_RESULTS=@@CHARACTER_SET_RESULTS */;
/*!40101 SET @OLD_COLLATION_CONNECTION=@@COLLATION_CONNECTION */;
/*!40101 SET NAMES utf8mb4 */;

--
-- Base de datos: `diplomado`
--

-- --------------------------------------------------------

--
-- Estructura de tabla para la tabla `docente`
--

CREATE TABLE `docente` (
  `idpersona` int(11) NOT NULL,
  `estado` varchar(15) NOT NULL DEFAULT 'ACTIVO'
) ENGINE=InnoDB DEFAULT CHARSET=latin1;

--
-- Volcado de datos para la tabla `docente`
--

INSERT INTO `docente` (`idpersona`, `estado`) VALUES
(251, 'ACTIVO'),
(252, 'ACTIVO'),
(253, 'ACTIVO'),
(254, 'ACTIVO'),
(255, 'ACTIVO'),
(256, 'ACTIVO'),
(257, 'ACTIVO'),
(258, 'ACTIVO'),
(259, 'ACTIVO'),
(260, 'ACTIVO'),
(261, 'ACTIVO'),
(262, 'ACTIVO'),
(263, 'ACTIVO'),
(264, 'ACTIVO'),
(265, 'ACTIVO'),
(266, 'ACTIVO'),
(267, 'ACTIVO'),
(268, 'ACTIVO'),
(269, 'ACTIVO'),
(270, 'ACTIVO'),
(271, 'ACTIVO'),
(272, 'ACTIVO'),
(273, 'ACTIVO'),
(274, 'ACTIVO'),
(275, 'ACTIVO'),
(276, 'ACTIVO'),
(277, 'ACTIVO'),
(278, 'ACTIVO'),
(279, 'ACTIVO'),
(280, 'ACTIVO'),
(281, 'ACTIVO'),
(282, 'ACTIVO'),
(283, 'ACTIVO'),
(284, 'ACTIVO'),
(285, 'ACTIVO'),
(286, 'ACTIVO'),
(287, 'ACTIVO'),
(288, 'ACTIVO'),
(289, 'ACTIVO'),
(290, 'ACTIVO'),
(291, 'ACTIVO'),
(292, 'ACTIVO'),
(293, 'ACTIVO'),
(294, 'ACTIVO'),
(295, 'ACTIVO'),
(296, 'ACTIVO'),
(297, 'ACTIVO'),
(298, 'ACTIVO'),
(299, 'ACTIVO'),
(300, 'ACTIVO'),
(301, 'ACTIVO'),
(302, 'ACTIVO'),
(303, 'ACTIVO'),
(304, 'ACTIVO'),
(305, 'ACTIVO'),
(306, 'ACTIVO'),
(307, 'ACTIVO'),
(308, 'ACTIVO'),
(309, 'ACTIVO'),
(310, 'ACTIVO'),
(311, 'ACTIVO'),
(312, 'ACTIVO'),
(313, 'ACTIVO'),
(314, 'ACTIVO'),
(315, 'ACTIVO'),
(316, 'ACTIVO'),
(317, 'ACTIVO'),
(318, 'ACTIVO'),
(319, 'ACTIVO'),
(320, 'ACTIVO');

-- --------------------------------------------------------

--
-- Estructura de tabla para la tabla `documento`
--

CREATE TABLE `documento` (
  `iddocumento` int(11) NOT NULL,
  `nombre` varchar(45) NOT NULL
) ENGINE=InnoDB DEFAULT CHARSET=latin1;

--
-- Volcado de datos para la tabla `documento`
--

INSERT INTO `documento` (`iddocumento`, `nombre`) VALUES
(1, 'Solicitud de admisión al programa'),
(2, 'Fotocopia del carnet de identidad'),
(3, 'Ficha de inscripción'),
(4, 'Documento de compromiso'),
(5, 'Fot. Legalizada del diploma académico'),
(6, 'Curriculum vitae (hoja de vida)'),
(7, 'Fotografía 6 x 5 fondo perla'),
(8, 'Derecho de tramite'),
(9, 'Boleta de matricula');

-- --------------------------------------------------------

--
-- Estructura de tabla para la tabla `documentoarchivo`
--

CREATE TABLE `documentoarchivo` (
  `iddocumentoarchivo` int(11) NOT NULL,
  `idprograma` int(11) DEFAULT NULL,
  `idestudiante` int(11) DEFAULT NULL,
  `archivo` varchar(100) DEFAULT NULL
) ENGINE=InnoDB DEFAULT CHARSET=latin1;

-- --------------------------------------------------------

--
-- Estructura de tabla para la tabla `estudiante`
--

CREATE TABLE `estudiante` (
  `idestudiante` int(11) NOT NULL,
  `idpersona` int(11) NOT NULL,
  `fecha_registro` datetime NOT NULL DEFAULT CURRENT_TIMESTAMP,
  `estado` varchar(45) NOT NULL DEFAULT 'ACTIVO',
  `observaciones` varchar(45) NOT NULL,
  `beca` varchar(45) NOT NULL
) ENGINE=InnoDB DEFAULT CHARSET=latin1;

--
-- Volcado de datos para la tabla `estudiante`
--

INSERT INTO `estudiante` (`idestudiante`, `idpersona`, `fecha_registro`, `estado`, `observaciones`, `beca`) VALUES
(1, 1, '0000-00-00 00:00:00', 'ACTIVO', ' ', ' '),
(2, 2, '0000-00-00 00:00:00', 'ACTIVO', ' ', ' '),
(3, 3, '0000-00-00 00:00:00', 'ACTIVO', ' ', ' '),
(4, 4, '0000-00-00 00:00:00', 'ACTIVO', ' ', ' '),
(5, 5, '0000-00-00 00:00:00', 'ACTIVO', ' ', ' '),
(6, 6, '0000-00-00 00:00:00', 'ACTIVO', ' ', ' '),
(7, 7, '0000-00-00 00:00:00', 'ACTIVO', ' ', ' '),
(8, 8, '0000-00-00 00:00:00', 'ACTIVO', ' ', ' '),
(9, 9, '0000-00-00 00:00:00', 'ACTIVO', ' ', ' '),
(10, 10, '0000-00-00 00:00:00', 'ACTIVO', ' ', ' '),
(11, 11, '0000-00-00 00:00:00', 'ACTIVO', ' ', ' '),
(12, 12, '0000-00-00 00:00:00', 'ACTIVO', ' ', ' '),
(13, 13, '0000-00-00 00:00:00', 'ACTIVO', ' ', ' '),
(14, 14, '0000-00-00 00:00:00', 'ACTIVO', ' ', ' '),
(15, 15, '0000-00-00 00:00:00', 'ACTIVO', ' ', ' '),
(16, 16, '0000-00-00 00:00:00', 'ACTIVO', ' ', ' '),
(17, 17, '0000-00-00 00:00:00', 'ACTIVO', ' ', ' '),
(18, 18, '0000-00-00 00:00:00', 'ACTIVO', ' ', ' '),
(19, 19, '0000-00-00 00:00:00', 'ACTIVO', ' ', ' '),
(20, 20, '0000-00-00 00:00:00', 'ACTIVO', ' ', ' '),
(21, 21, '0000-00-00 00:00:00', 'ACTIVO', ' ', ' '),
(22, 22, '0000-00-00 00:00:00', 'ACTIVO', ' ', ' '),
(23, 23, '0000-00-00 00:00:00', 'ACTIVO', ' ', ' '),
(24, 24, '0000-00-00 00:00:00', 'ACTIVO', ' ', ' '),
(25, 25, '0000-00-00 00:00:00', 'ACTIVO', ' ', ' '),
(26, 26, '0000-00-00 00:00:00', 'ACTIVO', ' ', ' '),
(27, 27, '0000-00-00 00:00:00', 'ACTIVO', ' ', ' '),
(28, 28, '0000-00-00 00:00:00', 'ACTIVO', ' ', ' '),
(29, 29, '0000-00-00 00:00:00', 'ACTIVO', ' ', ' '),
(30, 30, '0000-00-00 00:00:00', 'ACTIVO', ' ', ' '),
(31, 31, '0000-00-00 00:00:00', 'ACTIVO', ' ', ' '),
(32, 32, '0000-00-00 00:00:00', 'ACTIVO', ' ', ' '),
(33, 33, '0000-00-00 00:00:00', 'ACTIVO', ' ', ' '),
(34, 34, '0000-00-00 00:00:00', 'ACTIVO', ' ', ' '),
(35, 35, '0000-00-00 00:00:00', 'ACTIVO', ' ', ' '),
(36, 36, '0000-00-00 00:00:00', 'ACTIVO', ' ', ' '),
(37, 37, '0000-00-00 00:00:00', 'ACTIVO', ' ', ' '),
(38, 38, '0000-00-00 00:00:00', 'ACTIVO', ' ', ' '),
(39, 39, '0000-00-00 00:00:00', 'ACTIVO', ' ', ' '),
(40, 40, '0000-00-00 00:00:00', 'ACTIVO', ' ', ' '),
(41, 41, '0000-00-00 00:00:00', 'ACTIVO', ' ', ' '),
(42, 42, '0000-00-00 00:00:00', 'ACTIVO', ' ', ' '),
(43, 43, '0000-00-00 00:00:00', 'ACTIVO', ' ', ' '),
(44, 44, '0000-00-00 00:00:00', 'ACTIVO', ' ', ' '),
(45, 45, '0000-00-00 00:00:00', 'ACTIVO', ' ', ' '),
(46, 46, '0000-00-00 00:00:00', 'ACTIVO', ' ', ' '),
(47, 47, '0000-00-00 00:00:00', 'ACTIVO', ' ', ' '),
(48, 48, '0000-00-00 00:00:00', 'ACTIVO', ' ', ' '),
(49, 49, '0000-00-00 00:00:00', 'ACTIVO', ' ', ' '),
(50, 50, '0000-00-00 00:00:00', 'ACTIVO', ' ', ' '),
(51, 51, '0000-00-00 00:00:00', 'ACTIVO', ' ', ' '),
(52, 52, '0000-00-00 00:00:00', 'ACTIVO', ' ', ' '),
(53, 53, '0000-00-00 00:00:00', 'ACTIVO', ' ', ' '),
(54, 54, '0000-00-00 00:00:00', 'ACTIVO', ' ', ' '),
(55, 55, '0000-00-00 00:00:00', 'ACTIVO', ' ', ' '),
(56, 56, '0000-00-00 00:00:00', 'ACTIVO', ' ', ' '),
(57, 57, '0000-00-00 00:00:00', 'ACTIVO', ' ', ' '),
(58, 58, '0000-00-00 00:00:00', 'ACTIVO', ' ', ' '),
(59, 59, '0000-00-00 00:00:00', 'ACTIVO', ' ', ' '),
(60, 60, '0000-00-00 00:00:00', 'ACTIVO', ' ', ' '),
(61, 61, '0000-00-00 00:00:00', 'ACTIVO', ' ', ' '),
(62, 62, '0000-00-00 00:00:00', 'ACTIVO', ' ', ' '),
(63, 63, '0000-00-00 00:00:00', 'ACTIVO', ' ', ' '),
(64, 64, '0000-00-00 00:00:00', 'ACTIVO', ' ', ' '),
(65, 65, '0000-00-00 00:00:00', 'ACTIVO', ' ', ' '),
(66, 66, '0000-00-00 00:00:00', 'ACTIVO', ' ', ' '),
(67, 67, '0000-00-00 00:00:00', 'ACTIVO', ' ', ' '),
(68, 68, '0000-00-00 00:00:00', 'ACTIVO', ' ', ' '),
(69, 69, '0000-00-00 00:00:00', 'ACTIVO', ' ', ' '),
(70, 70, '0000-00-00 00:00:00', 'ACTIVO', ' ', ' '),
(71, 71, '0000-00-00 00:00:00', 'ACTIVO', ' ', ' '),
(72, 72, '0000-00-00 00:00:00', 'ACTIVO', ' ', ' '),
(73, 73, '0000-00-00 00:00:00', 'ACTIVO', ' ', ' '),
(74, 74, '0000-00-00 00:00:00', 'ACTIVO', ' ', ' '),
(75, 75, '0000-00-00 00:00:00', 'ACTIVO', ' ', ' '),
(76, 76, '0000-00-00 00:00:00', 'ACTIVO', ' ', ' '),
(77, 77, '0000-00-00 00:00:00', 'ACTIVO', ' ', ' '),
(78, 78, '0000-00-00 00:00:00', 'ACTIVO', ' ', ' '),
(79, 79, '0000-00-00 00:00:00', 'ACTIVO', ' ', ' '),
(80, 80, '0000-00-00 00:00:00', 'ACTIVO', ' ', ' '),
(81, 81, '0000-00-00 00:00:00', 'ACTIVO', ' ', ' '),
(82, 82, '0000-00-00 00:00:00', 'ACTIVO', ' ', ' '),
(83, 83, '0000-00-00 00:00:00', 'ACTIVO', ' ', ' '),
(84, 84, '0000-00-00 00:00:00', 'ACTIVO', ' ', ' '),
(85, 85, '0000-00-00 00:00:00', 'ACTIVO', ' ', ' '),
(86, 86, '0000-00-00 00:00:00', 'ACTIVO', ' ', ' '),
(87, 87, '0000-00-00 00:00:00', 'ACTIVO', ' ', ' '),
(88, 88, '0000-00-00 00:00:00', 'ACTIVO', ' ', ' '),
(89, 89, '0000-00-00 00:00:00', 'ACTIVO', ' ', ' '),
(90, 90, '0000-00-00 00:00:00', 'ACTIVO', ' ', ' '),
(91, 91, '0000-00-00 00:00:00', 'ACTIVO', ' ', ' '),
(92, 92, '0000-00-00 00:00:00', 'ACTIVO', ' ', ' '),
(93, 93, '0000-00-00 00:00:00', 'ACTIVO', ' ', ' '),
(94, 94, '0000-00-00 00:00:00', 'ACTIVO', ' ', ' '),
(95, 95, '0000-00-00 00:00:00', 'ACTIVO', ' ', ' '),
(96, 96, '0000-00-00 00:00:00', 'ACTIVO', ' ', ' '),
(97, 97, '0000-00-00 00:00:00', 'ACTIVO', ' ', ' '),
(98, 98, '0000-00-00 00:00:00', 'ACTIVO', ' ', ' '),
(99, 99, '0000-00-00 00:00:00', 'ACTIVO', ' ', ' '),
(100, 100, '0000-00-00 00:00:00', 'ACTIVO', ' ', ' '),
(101, 101, '0000-00-00 00:00:00', 'ACTIVO', ' ', ' '),
(102, 102, '0000-00-00 00:00:00', 'ACTIVO', ' ', ' '),
(103, 103, '0000-00-00 00:00:00', 'ACTIVO', ' ', ' '),
(104, 104, '0000-00-00 00:00:00', 'ACTIVO', ' ', ' '),
(105, 105, '0000-00-00 00:00:00', 'ACTIVO', ' ', ' '),
(106, 106, '0000-00-00 00:00:00', 'ACTIVO', ' ', ' '),
(107, 107, '0000-00-00 00:00:00', 'ACTIVO', ' ', ' '),
(108, 108, '0000-00-00 00:00:00', 'ACTIVO', ' ', ' '),
(109, 109, '0000-00-00 00:00:00', 'ACTIVO', ' ', ' '),
(110, 110, '0000-00-00 00:00:00', 'ACTIVO', ' ', ' '),
(111, 111, '0000-00-00 00:00:00', 'ACTIVO', ' ', ' '),
(112, 112, '0000-00-00 00:00:00', 'ACTIVO', ' ', ' '),
(113, 113, '0000-00-00 00:00:00', 'ACTIVO', ' ', ' '),
(114, 114, '0000-00-00 00:00:00', 'ACTIVO', ' ', ' '),
(115, 115, '0000-00-00 00:00:00', 'ACTIVO', ' ', ' '),
(116, 116, '0000-00-00 00:00:00', 'ACTIVO', ' ', ' '),
(117, 117, '0000-00-00 00:00:00', 'ACTIVO', ' ', ' '),
(118, 118, '0000-00-00 00:00:00', 'ACTIVO', ' ', ' '),
(119, 119, '0000-00-00 00:00:00', 'ACTIVO', ' ', ' '),
(120, 120, '0000-00-00 00:00:00', 'ACTIVO', ' ', ' '),
(121, 121, '0000-00-00 00:00:00', 'ACTIVO', ' ', ' '),
(122, 122, '0000-00-00 00:00:00', 'ACTIVO', ' ', ' '),
(123, 123, '0000-00-00 00:00:00', 'ACTIVO', ' ', ' '),
(124, 124, '0000-00-00 00:00:00', 'ACTIVO', ' ', ' '),
(125, 125, '0000-00-00 00:00:00', 'ACTIVO', ' ', ' '),
(126, 126, '0000-00-00 00:00:00', 'ACTIVO', ' ', ' '),
(127, 127, '0000-00-00 00:00:00', 'ACTIVO', ' ', ' '),
(128, 128, '0000-00-00 00:00:00', 'ACTIVO', ' ', ' '),
(129, 129, '0000-00-00 00:00:00', 'ACTIVO', ' ', ' '),
(130, 130, '0000-00-00 00:00:00', 'ACTIVO', ' ', ' '),
(131, 131, '0000-00-00 00:00:00', 'ACTIVO', ' ', ' '),
(132, 132, '0000-00-00 00:00:00', 'ACTIVO', ' ', ' '),
(133, 133, '0000-00-00 00:00:00', 'ACTIVO', ' ', ' '),
(134, 134, '0000-00-00 00:00:00', 'ACTIVO', ' ', ' '),
(135, 135, '0000-00-00 00:00:00', 'ACTIVO', ' ', ' '),
(136, 136, '0000-00-00 00:00:00', 'ACTIVO', ' ', ' '),
(137, 137, '0000-00-00 00:00:00', 'ACTIVO', ' ', ' '),
(138, 138, '0000-00-00 00:00:00', 'ACTIVO', ' ', ' '),
(139, 139, '0000-00-00 00:00:00', 'ACTIVO', ' ', ' '),
(140, 140, '0000-00-00 00:00:00', 'ACTIVO', ' ', ' '),
(141, 141, '0000-00-00 00:00:00', 'ACTIVO', ' ', ' '),
(142, 142, '0000-00-00 00:00:00', 'ACTIVO', ' ', ' '),
(143, 143, '0000-00-00 00:00:00', 'ACTIVO', ' ', ' '),
(144, 144, '0000-00-00 00:00:00', 'ACTIVO', ' ', ' '),
(145, 145, '0000-00-00 00:00:00', 'ACTIVO', ' ', ' '),
(146, 146, '0000-00-00 00:00:00', 'ACTIVO', ' ', ' '),
(147, 147, '0000-00-00 00:00:00', 'ACTIVO', ' ', ' '),
(148, 148, '0000-00-00 00:00:00', 'ACTIVO', ' ', ' '),
(149, 149, '0000-00-00 00:00:00', 'ACTIVO', ' ', ' '),
(150, 150, '0000-00-00 00:00:00', 'ACTIVO', ' ', ' '),
(151, 151, '0000-00-00 00:00:00', 'ACTIVO', ' ', ' '),
(152, 152, '0000-00-00 00:00:00', 'ACTIVO', ' ', ' '),
(153, 153, '0000-00-00 00:00:00', 'ACTIVO', ' ', ' '),
(154, 154, '0000-00-00 00:00:00', 'ACTIVO', ' ', ' '),
(155, 155, '0000-00-00 00:00:00', 'ACTIVO', ' ', ' '),
(156, 156, '0000-00-00 00:00:00', 'ACTIVO', ' ', ' '),
(157, 157, '0000-00-00 00:00:00', 'ACTIVO', ' ', ' '),
(158, 158, '0000-00-00 00:00:00', 'ACTIVO', ' ', ' '),
(159, 159, '0000-00-00 00:00:00', 'ACTIVO', ' ', ' '),
(160, 160, '0000-00-00 00:00:00', 'ACTIVO', ' ', ' '),
(161, 161, '0000-00-00 00:00:00', 'ACTIVO', ' ', ' '),
(162, 162, '0000-00-00 00:00:00', 'ACTIVO', ' ', ' '),
(163, 163, '0000-00-00 00:00:00', 'ACTIVO', ' ', ' '),
(164, 164, '0000-00-00 00:00:00', 'ACTIVO', ' ', ' '),
(165, 165, '0000-00-00 00:00:00', 'ACTIVO', ' ', ' '),
(166, 166, '0000-00-00 00:00:00', 'ACTIVO', ' ', ' '),
(167, 167, '0000-00-00 00:00:00', 'ACTIVO', ' ', ' '),
(168, 168, '0000-00-00 00:00:00', 'ACTIVO', ' ', ' '),
(169, 169, '0000-00-00 00:00:00', 'ACTIVO', ' ', ' '),
(170, 170, '0000-00-00 00:00:00', 'ACTIVO', ' ', ' '),
(171, 171, '0000-00-00 00:00:00', 'ACTIVO', ' ', ' '),
(172, 172, '0000-00-00 00:00:00', 'ACTIVO', ' ', ' '),
(173, 173, '0000-00-00 00:00:00', 'ACTIVO', ' ', ' '),
(174, 174, '0000-00-00 00:00:00', 'ACTIVO', ' ', ' '),
(175, 175, '0000-00-00 00:00:00', 'ACTIVO', ' ', ' '),
(176, 176, '0000-00-00 00:00:00', 'ACTIVO', ' ', ' '),
(177, 177, '0000-00-00 00:00:00', 'ACTIVO', ' ', ' '),
(178, 178, '0000-00-00 00:00:00', 'ACTIVO', ' ', ' '),
(179, 179, '0000-00-00 00:00:00', 'ACTIVO', ' ', ' '),
(180, 180, '0000-00-00 00:00:00', 'ACTIVO', ' ', ' '),
(181, 181, '0000-00-00 00:00:00', 'ACTIVO', ' ', ' '),
(182, 182, '0000-00-00 00:00:00', 'ACTIVO', ' ', ' '),
(183, 183, '0000-00-00 00:00:00', 'ACTIVO', ' ', ' '),
(184, 184, '0000-00-00 00:00:00', 'ACTIVO', ' ', ' '),
(185, 185, '0000-00-00 00:00:00', 'ACTIVO', ' ', ' '),
(186, 186, '0000-00-00 00:00:00', 'ACTIVO', ' ', ' '),
(187, 187, '0000-00-00 00:00:00', 'ACTIVO', ' ', ' '),
(188, 188, '0000-00-00 00:00:00', 'ACTIVO', ' ', ' '),
(189, 189, '0000-00-00 00:00:00', 'ACTIVO', ' ', ' '),
(190, 190, '0000-00-00 00:00:00', 'ACTIVO', ' ', ' '),
(191, 191, '0000-00-00 00:00:00', 'ACTIVO', ' ', ' '),
(192, 192, '0000-00-00 00:00:00', 'ACTIVO', ' ', ' '),
(193, 193, '0000-00-00 00:00:00', 'ACTIVO', ' ', ' '),
(194, 194, '0000-00-00 00:00:00', 'ACTIVO', ' ', ' '),
(195, 195, '0000-00-00 00:00:00', 'ACTIVO', ' ', ' '),
(196, 196, '0000-00-00 00:00:00', 'ACTIVO', ' ', ' '),
(197, 197, '0000-00-00 00:00:00', 'ACTIVO', ' ', ' '),
(198, 198, '0000-00-00 00:00:00', 'ACTIVO', ' ', ' '),
(199, 199, '0000-00-00 00:00:00', 'ACTIVO', ' ', ' '),
(200, 200, '0000-00-00 00:00:00', 'ACTIVO', ' ', ' '),
(201, 201, '0000-00-00 00:00:00', 'ACTIVO', ' ', ' '),
(202, 202, '0000-00-00 00:00:00', 'ACTIVO', ' ', ' '),
(203, 203, '0000-00-00 00:00:00', 'ACTIVO', ' ', ' '),
(204, 204, '0000-00-00 00:00:00', 'ACTIVO', ' ', ' '),
(205, 205, '0000-00-00 00:00:00', 'ACTIVO', ' ', ' '),
(206, 206, '0000-00-00 00:00:00', 'ACTIVO', ' ', ' '),
(207, 207, '0000-00-00 00:00:00', 'ACTIVO', ' ', ' '),
(208, 208, '0000-00-00 00:00:00', 'ACTIVO', ' ', ' '),
(209, 209, '0000-00-00 00:00:00', 'ACTIVO', ' ', ' '),
(210, 210, '0000-00-00 00:00:00', 'ACTIVO', ' ', ' '),
(211, 211, '0000-00-00 00:00:00', 'ACTIVO', ' ', ' '),
(212, 212, '0000-00-00 00:00:00', 'ACTIVO', ' ', ' '),
(213, 213, '0000-00-00 00:00:00', 'ACTIVO', ' ', ' '),
(214, 214, '0000-00-00 00:00:00', 'ACTIVO', ' ', ' '),
(215, 215, '0000-00-00 00:00:00', 'ACTIVO', ' ', ' '),
(216, 216, '0000-00-00 00:00:00', 'ACTIVO', ' ', ' '),
(217, 217, '0000-00-00 00:00:00', 'ACTIVO', ' ', ' '),
(218, 218, '0000-00-00 00:00:00', 'ACTIVO', ' ', ' '),
(219, 219, '0000-00-00 00:00:00', 'ACTIVO', ' ', ' '),
(220, 220, '0000-00-00 00:00:00', 'ACTIVO', ' ', ' '),
(221, 221, '0000-00-00 00:00:00', 'ACTIVO', ' ', ' '),
(222, 222, '0000-00-00 00:00:00', 'ACTIVO', ' ', ' '),
(223, 223, '0000-00-00 00:00:00', 'ACTIVO', ' ', ' '),
(224, 224, '0000-00-00 00:00:00', 'ACTIVO', ' ', ' '),
(225, 225, '0000-00-00 00:00:00', 'ACTIVO', ' ', ' '),
(226, 226, '0000-00-00 00:00:00', 'ACTIVO', ' ', ' '),
(227, 227, '0000-00-00 00:00:00', 'ACTIVO', ' ', ' '),
(228, 228, '0000-00-00 00:00:00', 'ACTIVO', ' ', ' '),
(229, 229, '0000-00-00 00:00:00', 'ACTIVO', ' ', ' '),
(230, 230, '0000-00-00 00:00:00', 'ACTIVO', ' ', ' '),
(231, 231, '0000-00-00 00:00:00', 'ACTIVO', ' ', ' '),
(232, 232, '0000-00-00 00:00:00', 'ACTIVO', ' ', ' '),
(233, 233, '0000-00-00 00:00:00', 'ACTIVO', ' ', ' '),
(234, 234, '0000-00-00 00:00:00', 'ACTIVO', ' ', ' '),
(235, 235, '0000-00-00 00:00:00', 'ACTIVO', ' ', ' '),
(236, 236, '0000-00-00 00:00:00', 'ACTIVO', ' ', ' '),
(237, 237, '0000-00-00 00:00:00', 'ACTIVO', ' ', ' '),
(238, 238, '0000-00-00 00:00:00', 'ACTIVO', ' ', ' '),
(239, 239, '0000-00-00 00:00:00', 'ACTIVO', ' ', ' '),
(240, 240, '0000-00-00 00:00:00', 'ACTIVO', ' ', ' '),
(241, 241, '0000-00-00 00:00:00', 'ACTIVO', ' ', ' '),
(242, 242, '0000-00-00 00:00:00', 'ACTIVO', ' ', ' '),
(243, 243, '0000-00-00 00:00:00', 'ACTIVO', ' ', ' '),
(244, 244, '0000-00-00 00:00:00', 'ACTIVO', ' ', ' '),
(245, 245, '0000-00-00 00:00:00', 'ACTIVO', ' ', ' '),
(246, 246, '0000-00-00 00:00:00', 'ACTIVO', ' ', ' '),
(247, 247, '0000-00-00 00:00:00', 'ACTIVO', ' ', ' '),
(248, 248, '0000-00-00 00:00:00', 'ACTIVO', ' ', ' '),
(249, 249, '0000-00-00 00:00:00', 'ACTIVO', ' ', ' '),
(250, 250, '0000-00-00 00:00:00', 'ACTIVO', ' ', ' ');

-- --------------------------------------------------------

--
-- Estructura de tabla para la tabla `estudiantedocumento`
--

CREATE TABLE `estudiantedocumento` (
  `iddocumento` int(11) NOT NULL,
  `idestudiante` int(11) NOT NULL,
  `estado` varchar(45) NOT NULL,
  `idprograma` int(11) NOT NULL
) ENGINE=InnoDB DEFAULT CHARSET=latin1;

-- --------------------------------------------------------

--
-- Estructura de tabla para la tabla `estudiantemodulo`
--

CREATE TABLE `estudiantemodulo` (
  `idestudiante` int(11) NOT NULL,
  `idmodulo` int(11) NOT NULL,
  `nota` decimal(11,2) NOT NULL,
  `fechaAprovacion` timestamp NOT NULL DEFAULT CURRENT_TIMESTAMP
) ENGINE=InnoDB DEFAULT CHARSET=latin1;

--
-- Volcado de datos para la tabla `estudiantemodulo`
--

INSERT INTO `estudiantemodulo` (`idestudiante`, `idmodulo`, `nota`, `fechaAprovacion`) VALUES
(33, 1, '95.00', '2024-06-18 06:08:05'),
(33, 2, '89.00', '2024-06-18 06:08:05'),
(33, 3, '90.00', '2024-06-18 06:08:05'),
(33, 4, '92.00', '2024-06-18 06:08:05');

-- --------------------------------------------------------

--
-- Estructura de tabla para la tabla `estudianteprograma`
--

CREATE TABLE `estudianteprograma` (
  `idestudiante` int(11) NOT NULL,
  `idprograma` int(11) NOT NULL,
  `date` datetime NOT NULL DEFAULT CURRENT_TIMESTAMP,
  `nota` float NOT NULL
) ENGINE=InnoDB DEFAULT CHARSET=latin1;

--
-- Volcado de datos para la tabla `estudianteprograma`
--

INSERT INTO `estudianteprograma` (`idestudiante`, `idprograma`, `date`, `nota`) VALUES
(1, 1, '0000-00-00 00:00:00', 0),
(2, 1, '0000-00-00 00:00:00', 0),
(3, 1, '0000-00-00 00:00:00', 0),
(4, 1, '0000-00-00 00:00:00', 0),
(5, 1, '0000-00-00 00:00:00', 0),
(6, 1, '0000-00-00 00:00:00', 0),
(7, 1, '0000-00-00 00:00:00', 0),
(8, 1, '0000-00-00 00:00:00', 0),
(9, 1, '0000-00-00 00:00:00', 0),
(10, 1, '0000-00-00 00:00:00', 0),
(11, 1, '0000-00-00 00:00:00', 0),
(12, 1, '0000-00-00 00:00:00', 0),
(13, 1, '0000-00-00 00:00:00', 0),
(14, 1, '0000-00-00 00:00:00', 0),
(15, 1, '0000-00-00 00:00:00', 0),
(16, 1, '0000-00-00 00:00:00', 0),
(17, 1, '0000-00-00 00:00:00', 0),
(18, 1, '0000-00-00 00:00:00', 0),
(19, 1, '0000-00-00 00:00:00', 0),
(20, 1, '0000-00-00 00:00:00', 0),
(21, 1, '0000-00-00 00:00:00', 0),
(22, 1, '0000-00-00 00:00:00', 0),
(23, 1, '0000-00-00 00:00:00', 0),
(24, 1, '0000-00-00 00:00:00', 0),
(25, 1, '0000-00-00 00:00:00', 0),
(26, 1, '0000-00-00 00:00:00', 0),
(27, 1, '0000-00-00 00:00:00', 0),
(28, 1, '0000-00-00 00:00:00', 0),
(29, 1, '0000-00-00 00:00:00', 0),
(30, 1, '0000-00-00 00:00:00', 0),
(31, 1, '0000-00-00 00:00:00', 0),
(32, 1, '0000-00-00 00:00:00', 0),
(33, 1, '0000-00-00 00:00:00', 0),
(33, 5, '2024-06-18 02:11:32', 0),
(34, 1, '0000-00-00 00:00:00', 0),
(35, 1, '0000-00-00 00:00:00', 0),
(36, 1, '0000-00-00 00:00:00', 0),
(37, 1, '0000-00-00 00:00:00', 0),
(38, 1, '0000-00-00 00:00:00', 0),
(39, 1, '0000-00-00 00:00:00', 0),
(40, 1, '0000-00-00 00:00:00', 0),
(41, 1, '0000-00-00 00:00:00', 0),
(42, 1, '0000-00-00 00:00:00', 0),
(43, 1, '0000-00-00 00:00:00', 0),
(44, 1, '0000-00-00 00:00:00', 0),
(45, 1, '0000-00-00 00:00:00', 0),
(46, 1, '0000-00-00 00:00:00', 0),
(47, 1, '0000-00-00 00:00:00', 0),
(48, 1, '0000-00-00 00:00:00', 0),
(49, 1, '0000-00-00 00:00:00', 0),
(50, 1, '0000-00-00 00:00:00', 0),
(51, 1, '0000-00-00 00:00:00', 0),
(52, 1, '0000-00-00 00:00:00', 0),
(53, 1, '0000-00-00 00:00:00', 0),
(54, 1, '0000-00-00 00:00:00', 0),
(55, 1, '0000-00-00 00:00:00', 0),
(56, 2, '0000-00-00 00:00:00', 0),
(57, 2, '0000-00-00 00:00:00', 0),
(58, 2, '0000-00-00 00:00:00', 0),
(59, 2, '0000-00-00 00:00:00', 0),
(60, 2, '0000-00-00 00:00:00', 0),
(61, 2, '0000-00-00 00:00:00', 0),
(62, 2, '0000-00-00 00:00:00', 0),
(63, 2, '0000-00-00 00:00:00', 0),
(64, 2, '0000-00-00 00:00:00', 0),
(65, 2, '0000-00-00 00:00:00', 0),
(66, 2, '0000-00-00 00:00:00', 0),
(67, 2, '0000-00-00 00:00:00', 0),
(68, 2, '0000-00-00 00:00:00', 0),
(69, 2, '0000-00-00 00:00:00', 0),
(70, 2, '0000-00-00 00:00:00', 0),
(71, 2, '0000-00-00 00:00:00', 0),
(72, 2, '0000-00-00 00:00:00', 0),
(73, 2, '0000-00-00 00:00:00', 0),
(74, 2, '0000-00-00 00:00:00', 0),
(75, 2, '0000-00-00 00:00:00', 0),
(76, 2, '0000-00-00 00:00:00', 0),
(77, 2, '0000-00-00 00:00:00', 0),
(78, 2, '0000-00-00 00:00:00', 0),
(79, 2, '0000-00-00 00:00:00', 0),
(80, 2, '0000-00-00 00:00:00', 0),
(81, 2, '0000-00-00 00:00:00', 0),
(82, 2, '0000-00-00 00:00:00', 0),
(83, 2, '0000-00-00 00:00:00', 0),
(84, 2, '0000-00-00 00:00:00', 0),
(85, 2, '0000-00-00 00:00:00', 0),
(86, 2, '0000-00-00 00:00:00', 0),
(87, 2, '0000-00-00 00:00:00', 0),
(88, 2, '0000-00-00 00:00:00', 0),
(89, 2, '0000-00-00 00:00:00', 0),
(90, 2, '0000-00-00 00:00:00', 0),
(91, 2, '0000-00-00 00:00:00', 0),
(92, 2, '0000-00-00 00:00:00', 0),
(93, 2, '0000-00-00 00:00:00', 0),
(94, 2, '0000-00-00 00:00:00', 0),
(95, 2, '0000-00-00 00:00:00', 0),
(96, 2, '0000-00-00 00:00:00', 0),
(97, 2, '0000-00-00 00:00:00', 0),
(98, 2, '0000-00-00 00:00:00', 0),
(99, 2, '0000-00-00 00:00:00', 0),
(100, 2, '0000-00-00 00:00:00', 0),
(101, 2, '0000-00-00 00:00:00', 0),
(102, 3, '0000-00-00 00:00:00', 0),
(103, 3, '0000-00-00 00:00:00', 0),
(104, 3, '0000-00-00 00:00:00', 0),
(105, 3, '0000-00-00 00:00:00', 0),
(106, 3, '0000-00-00 00:00:00', 0),
(107, 3, '0000-00-00 00:00:00', 0),
(108, 3, '0000-00-00 00:00:00', 0),
(109, 3, '0000-00-00 00:00:00', 0),
(110, 3, '0000-00-00 00:00:00', 0),
(111, 3, '0000-00-00 00:00:00', 0),
(112, 3, '0000-00-00 00:00:00', 0),
(113, 3, '0000-00-00 00:00:00', 0),
(114, 3, '0000-00-00 00:00:00', 0),
(115, 3, '0000-00-00 00:00:00', 0),
(116, 3, '0000-00-00 00:00:00', 0),
(117, 3, '0000-00-00 00:00:00', 0),
(118, 3, '0000-00-00 00:00:00', 0),
(119, 3, '0000-00-00 00:00:00', 0),
(120, 3, '0000-00-00 00:00:00', 0),
(121, 3, '0000-00-00 00:00:00', 0),
(122, 3, '0000-00-00 00:00:00', 0),
(123, 3, '0000-00-00 00:00:00', 0),
(124, 3, '0000-00-00 00:00:00', 0),
(125, 3, '0000-00-00 00:00:00', 0),
(126, 3, '0000-00-00 00:00:00', 0),
(127, 3, '0000-00-00 00:00:00', 0),
(128, 3, '0000-00-00 00:00:00', 0),
(129, 3, '0000-00-00 00:00:00', 0),
(130, 3, '0000-00-00 00:00:00', 0),
(131, 3, '0000-00-00 00:00:00', 0),
(132, 3, '0000-00-00 00:00:00', 0),
(133, 3, '0000-00-00 00:00:00', 0),
(134, 3, '0000-00-00 00:00:00', 0),
(135, 3, '0000-00-00 00:00:00', 0),
(136, 3, '0000-00-00 00:00:00', 0),
(137, 3, '0000-00-00 00:00:00', 0),
(138, 3, '0000-00-00 00:00:00', 0),
(139, 3, '0000-00-00 00:00:00', 0),
(140, 3, '0000-00-00 00:00:00', 0),
(141, 4, '0000-00-00 00:00:00', 0),
(142, 4, '0000-00-00 00:00:00', 0),
(143, 4, '0000-00-00 00:00:00', 0),
(144, 4, '0000-00-00 00:00:00', 0),
(145, 4, '0000-00-00 00:00:00', 0),
(146, 4, '0000-00-00 00:00:00', 0),
(147, 4, '0000-00-00 00:00:00', 0),
(148, 4, '0000-00-00 00:00:00', 0),
(149, 4, '0000-00-00 00:00:00', 0),
(150, 4, '0000-00-00 00:00:00', 0),
(151, 4, '0000-00-00 00:00:00', 0),
(152, 4, '0000-00-00 00:00:00', 0),
(153, 4, '0000-00-00 00:00:00', 0),
(154, 4, '0000-00-00 00:00:00', 0),
(155, 4, '0000-00-00 00:00:00', 0),
(156, 4, '0000-00-00 00:00:00', 0),
(157, 4, '0000-00-00 00:00:00', 0),
(158, 4, '0000-00-00 00:00:00', 0),
(159, 4, '0000-00-00 00:00:00', 0),
(160, 4, '0000-00-00 00:00:00', 0),
(161, 4, '0000-00-00 00:00:00', 0),
(162, 4, '0000-00-00 00:00:00', 0),
(163, 4, '0000-00-00 00:00:00', 0),
(164, 4, '0000-00-00 00:00:00', 0),
(165, 4, '0000-00-00 00:00:00', 0),
(166, 4, '0000-00-00 00:00:00', 0),
(167, 4, '0000-00-00 00:00:00', 0),
(168, 4, '0000-00-00 00:00:00', 0),
(169, 4, '0000-00-00 00:00:00', 0),
(170, 4, '0000-00-00 00:00:00', 0),
(171, 5, '0000-00-00 00:00:00', 0),
(172, 5, '0000-00-00 00:00:00', 0),
(173, 5, '0000-00-00 00:00:00', 0),
(174, 5, '0000-00-00 00:00:00', 0),
(175, 5, '0000-00-00 00:00:00', 0),
(176, 5, '0000-00-00 00:00:00', 0),
(177, 5, '0000-00-00 00:00:00', 0),
(178, 5, '0000-00-00 00:00:00', 0),
(179, 5, '0000-00-00 00:00:00', 0),
(180, 5, '0000-00-00 00:00:00', 0),
(181, 5, '0000-00-00 00:00:00', 0),
(182, 5, '0000-00-00 00:00:00', 0),
(183, 5, '0000-00-00 00:00:00', 0),
(184, 5, '0000-00-00 00:00:00', 0),
(185, 5, '0000-00-00 00:00:00', 0),
(186, 5, '0000-00-00 00:00:00', 0),
(187, 5, '0000-00-00 00:00:00', 0),
(188, 5, '0000-00-00 00:00:00', 0),
(189, 5, '0000-00-00 00:00:00', 0),
(190, 5, '0000-00-00 00:00:00', 0),
(191, 5, '0000-00-00 00:00:00', 0),
(192, 5, '0000-00-00 00:00:00', 0),
(193, 5, '0000-00-00 00:00:00', 0),
(194, 5, '0000-00-00 00:00:00', 0),
(195, 5, '0000-00-00 00:00:00', 0),
(196, 5, '0000-00-00 00:00:00', 0),
(197, 5, '0000-00-00 00:00:00', 0),
(198, 5, '0000-00-00 00:00:00', 0),
(199, 5, '0000-00-00 00:00:00', 0),
(200, 5, '0000-00-00 00:00:00', 0),
(201, 5, '0000-00-00 00:00:00', 0),
(202, 5, '0000-00-00 00:00:00', 0),
(203, 5, '0000-00-00 00:00:00', 0),
(204, 5, '0000-00-00 00:00:00', 0),
(205, 5, '0000-00-00 00:00:00', 0),
(206, 5, '0000-00-00 00:00:00', 0),
(207, 5, '0000-00-00 00:00:00', 0),
(208, 5, '0000-00-00 00:00:00', 0),
(209, 5, '0000-00-00 00:00:00', 0),
(210, 5, '0000-00-00 00:00:00', 0),
(211, 6, '0000-00-00 00:00:00', 0),
(212, 6, '0000-00-00 00:00:00', 0),
(213, 6, '0000-00-00 00:00:00', 0),
(214, 6, '0000-00-00 00:00:00', 0),
(215, 6, '0000-00-00 00:00:00', 0),
(216, 6, '0000-00-00 00:00:00', 0),
(217, 6, '0000-00-00 00:00:00', 0),
(218, 6, '0000-00-00 00:00:00', 0),
(219, 6, '0000-00-00 00:00:00', 0),
(220, 6, '0000-00-00 00:00:00', 0),
(221, 6, '0000-00-00 00:00:00', 0),
(222, 6, '0000-00-00 00:00:00', 0),
(223, 6, '0000-00-00 00:00:00', 0),
(224, 6, '0000-00-00 00:00:00', 0),
(225, 6, '0000-00-00 00:00:00', 0),
(226, 6, '0000-00-00 00:00:00', 0),
(227, 6, '0000-00-00 00:00:00', 0),
(228, 6, '0000-00-00 00:00:00', 0),
(229, 6, '0000-00-00 00:00:00', 0),
(230, 6, '0000-00-00 00:00:00', 0),
(231, 6, '0000-00-00 00:00:00', 0),
(232, 6, '0000-00-00 00:00:00', 0),
(233, 6, '0000-00-00 00:00:00', 0),
(234, 6, '0000-00-00 00:00:00', 0),
(235, 6, '0000-00-00 00:00:00', 0),
(236, 6, '0000-00-00 00:00:00', 0),
(237, 6, '0000-00-00 00:00:00', 0),
(238, 6, '0000-00-00 00:00:00', 0),
(239, 6, '0000-00-00 00:00:00', 0),
(240, 6, '0000-00-00 00:00:00', 0),
(241, 6, '0000-00-00 00:00:00', 0),
(242, 6, '0000-00-00 00:00:00', 0),
(243, 6, '0000-00-00 00:00:00', 0),
(244, 6, '0000-00-00 00:00:00', 0),
(245, 6, '0000-00-00 00:00:00', 0),
(246, 6, '0000-00-00 00:00:00', 0),
(247, 6, '0000-00-00 00:00:00', 0),
(248, 6, '0000-00-00 00:00:00', 0),
(249, 6, '0000-00-00 00:00:00', 0),
(250, 6, '0000-00-00 00:00:00', 0);

-- --------------------------------------------------------

--
-- Estructura de tabla para la tabla `estudiantetramite`
--

CREATE TABLE `estudiantetramite` (
  `idestudiante` int(11) NOT NULL,
  `idprograma` int(11) NOT NULL,
  `estado` varchar(225) NOT NULL,
  `idtramite` int(11) NOT NULL
) ENGINE=InnoDB DEFAULT CHARSET=latin1;

-- --------------------------------------------------------

--
-- Estructura de tabla para la tabla `modulo`
--

CREATE TABLE `modulo` (
  `idmodulo` int(11) NOT NULL,
  `nombre` varchar(45) NOT NULL,
  `idprograma` int(11) NOT NULL,
  `codigo` varchar(11) NOT NULL,
  `fechainicio` date NOT NULL,
  `fechafin` date NOT NULL,
  `iddocente` int(11) NOT NULL
) ENGINE=InnoDB DEFAULT CHARSET=latin1;

--
-- Volcado de datos para la tabla `modulo`
--

INSERT INTO `modulo` (`idmodulo`, `nombre`, `idprograma`, `codigo`, `fechainicio`, `fechafin`, `iddocente`) VALUES
(1, 'FUNDAMENTOS DE LA ASISTENCIA T?CNICA INTEGRAL', 1, 'D-0010', '0000-00-00', '0000-00-00', 251),
(2, 'GESTI?N DE CONFLICTOS Y PSICOLOG?A DE LA NEGO', 1, 'D-0011', '0000-00-00', '0000-00-00', 252),
(3, 'TERRITORIO Y DESARROLLO SOSTENIBLE', 1, 'D-0012', '0000-00-00', '0000-00-00', 253),
(4, 'CONTABILIDAD B?SICA Y FINANCIERA PARA PROYECT', 1, 'D-0013', '0000-00-00', '0000-00-00', 254),
(5, 'DISE?O', 0, 'D-0014', '0000-00-00', '0000-00-00', 255),
(6, 'FUNDAMENTOS DE S.I.G.  Y TELEDETECCI?N', 2, 'M-0102', '0000-00-00', '0000-00-00', 256),
(7, 'PROCESAMIENTO DE DATOS GEORREFERENCIADOS', 2, 'M-0103', '0000-00-00', '0000-00-00', 257),
(8, 'FOTOGRAMETR?A Y CARTOGRAF?A DIGITAL', 2, 'M-0104', '0000-00-00', '0000-00-00', 258),
(9, 'PERCEPCI?N REMOTA', 2, 'M-0105', '0000-00-00', '0000-00-00', 259),
(10, 'HIDR?ULICA AVANZADA Y M?TODOS NUM?RICOS', 2, 'M-0106', '0000-00-00', '0000-00-00', 260),
(11, 'MODELAMIENTO HIDROL?GICO', 2, 'M-0107', '0000-00-00', '0000-00-00', 261),
(12, 'MODELAMIENTO HIDR?ULICO DE CANALES Y R?OS', 2, 'M-0108', '0000-00-00', '0000-00-00', 262),
(13, 'HIDROLOG?A E HIDR?ULICA URBANA', 2, 'M-0109', '0000-00-00', '0000-00-00', 263),
(14, 'HIDROLOG?A SUBTERR?NEA', 2, 'M-0110', '0000-00-00', '0000-00-00', 264),
(15, 'DISE?O DE OBRAS HIDR?ULICAS', 2, 'M-0111', '0000-00-00', '0000-00-00', 265),
(16, 'DISE?O DE PRESAS', 2, 'M-0112', '0000-00-00', '0000-00-00', 266),
(17, 'HIDR?ULICA FLUVIAL AVANZADA', 2, 'M-0113', '0000-00-00', '0000-00-00', 267),
(18, 'PLANIFICACI?N Y GESTI?N INTEGRAL DE RECURSOS ', 2, 'M-0114', '0000-00-00', '0000-00-00', 268),
(19, 'EVALUACI?N DE CALIDAD DE AGUAS', 2, 'M-0115', '0000-00-00', '0000-00-00', 269),
(20, 'SEMINARIO DE TESIS', 2, 'M-0116', '0000-00-00', '0000-00-00', 270),
(21, 'METODOLOG?A DE INVESTIGACI?N CIENT?FICA', 2, 'M-0117', '0000-00-00', '0000-00-00', 271),
(22, 'EL ENTORNO ECON?MICO DE LAS EMPRESAS', 3, 'DCEE1', '0000-00-00', '0000-00-00', 272),
(23, 'TEOR?A Y GESTI?N DE LAS ORGANIZACIONES', 3, 'DCEE2', '0000-00-00', '0000-00-00', 273),
(24, 'FUNDAMENTOS FINANCIERO', 0, 'DCEE3', '0000-00-00', '0000-00-00', 274),
(25, 'MODELIZACI?N FINANCIERA', 3, 'DCEE4', '0000-00-00', '0000-00-00', 275),
(26, 'MICROECONOM?A APLICADA', 3, 'DCEE5', '0000-00-00', '0000-00-00', 276),
(27, 'ECONOM?A INTERNACIONAL Y DESARROLLO', 3, 'DCEE6', '0000-00-00', '0000-00-00', 277),
(28, 'SEMINARIO TESIS I', 3, 'DCEE7', '0000-00-00', '0000-00-00', 278),
(29, 'SEMINARIO TESIS II', 3, 'DCEE8', '0000-00-00', '0000-00-00', 279),
(30, 'SEMINARIO TESIS III', 3, 'DCEE9', '0000-00-00', '0000-00-00', 280),
(31, 'SEMINARIO TESIS IV', 3, 'DCEE10', '0000-00-00', '0000-00-00', 281),
(32, 'PROYECTO DE TESIS DOCTORAL', 3, 'DCEE11', '0000-00-00', '0000-00-00', 282),
(33, 'TESIS DOCTORAL', 3, 'DCEE12', '0000-00-00', '0000-00-00', 283),
(34, 'ESTUDIOS DE EVALUACI?N DE IMPACTOS AMBIENTALE', 4, 'DAI1', '0000-00-00', '0000-00-00', 284),
(35, 'VALORACI?N ECON?MICA DEL MEDIO AMBIENTE', 4, 'DAI2', '0000-00-00', '0000-00-00', 285),
(36, 'AUDITOR?A AMBIENTAL', 4, 'DAI3', '0000-00-00', '0000-00-00', 286),
(37, 'SISTEMAS DE GESTI?N Y CONTROL DE LA CALIDAD A', 4, 'DAI4', '0000-00-00', '0000-00-00', 287),
(38, 'METODOLOG?A DE INVESTIGACI?N CIENT?FICA (TRAB', 4, 'DAI5', '0000-00-00', '0000-00-00', 288),
(39, 'ROCAS', 0, 'M-401', '0000-00-00', '0000-00-00', 289),
(40, 'TECNOLOG?AS PARA LA INVESTIGACI?N GEOL?GICA', 5, 'M-402', '0000-00-00', '0000-00-00', 290),
(41, 'TECT?NICA', 0, 'M-403', '0000-00-00', '0000-00-00', 291),
(42, 'GEOLOG?A ESTRUCTURAL APLICADA', 5, 'M-404', '0000-00-00', '0000-00-00', 292),
(43, 'GEOF?SICA PARA EXPLOTACIONES', 5, 'M-405', '0000-00-00', '0000-00-00', 293),
(44, 'CARTOGRAF?A', 0, 'M-406', '0000-00-00', '0000-00-00', 294),
(45, 'SIMULACI?N NUM?RICA DE YACIMIENTOS', 5, 'M-407', '0000-00-00', '0000-00-00', 295),
(46, 'INGENIER?A DE EXPLOSIVOS', 5, 'M-408', '0000-00-00', '0000-00-00', 296),
(47, 'TECNOLOG?A DE PERFORACI?N', 5, 'M-409', '0000-00-00', '0000-00-00', 297),
(48, 'EQUIPAMIENTO MINERO Y SISTEMAS EL?CTRICOS DE ', 5, 'M-410', '0000-00-00', '0000-00-00', 298),
(49, 'TECNOLOG?A DE EXPLOTACI?N MINERA', 5, 'M-411', '0000-00-00', '0000-00-00', 299),
(50, 'TECNOLOG?AS Y DESARROLLOS EN VENTILACI?N DE E', 5, 'M-412', '0000-00-00', '0000-00-00', 300),
(51, 'PROCESOS Y PLANTAS DE TRATAMIENTO DE MINERALE', 5, 'M-413', '0000-00-00', '0000-00-00', 301);

-- --------------------------------------------------------

--
-- Estructura de tabla para la tabla `multas`
--

CREATE TABLE `multas` (
  `idmulta` int(11) NOT NULL,
  `idprograma` int(11) NOT NULL,
  `idestudiante` int(11) NOT NULL,
  `monto` decimal(11,2) NOT NULL,
  `motivo` varchar(100) NOT NULL
) ENGINE=InnoDB DEFAULT CHARSET=latin1;

-- --------------------------------------------------------

--
-- Estructura de tabla para la tabla `pago`
--

CREATE TABLE `pago` (
  `idestudiante` int(11) NOT NULL,
  `idtipopago` int(11) NOT NULL,
  `monto` int(11) NOT NULL,
  `fechapago` timestamp NOT NULL DEFAULT CURRENT_TIMESTAMP,
  `idprograma` int(11) NOT NULL
) ENGINE=InnoDB DEFAULT CHARSET=latin1;

-- --------------------------------------------------------

--
-- Estructura de tabla para la tabla `persona`
--

CREATE TABLE `persona` (
  `idpersona` int(11) NOT NULL,
  `paterno` varchar(45) NOT NULL,
  `materno` varchar(45) NOT NULL,
  `nombres` varchar(45) NOT NULL,
  `ci` varchar(15) NOT NULL,
  `profesion` varchar(45) NOT NULL,
  `telefono` varchar(45) NOT NULL,
  `celular` varchar(45) NOT NULL,
  `email` varchar(45) NOT NULL,
  `sexo` varchar(45) NOT NULL,
  `estado` varchar(45) NOT NULL DEFAULT 'ACTIVO'
) ENGINE=InnoDB DEFAULT CHARSET=latin1;

--
-- Volcado de datos para la tabla `persona`
--

INSERT INTO `persona` (`idpersona`, `paterno`, `materno`, `nombres`, `ci`, `profesion`, `telefono`, `celular`, `email`, `sexo`, `estado`) VALUES
(1, 'ARCE', 'HERMOSO', 'VICTORIA ', '3111513', 'INGENIERO CIVIL', '5235149', '70421038', 'victoriaarce@gmail.com', 'FEMENINO', 'ACTIVO'),
(2, 'CONDORI', 'MAMANI', 'LUCIA ', '3535476', 'INGENIERO AGRONOMO', '5247728', '72351854', 'luciaha@gmail.com', 'FEMENINO', 'ACTIVO'),
(3, 'ARGANDO?A', 'NUMBELA', 'ESTHER ', '5901971', 'INGENIERO CIVIL', '5281726', '72325939', 'estherha2@gmail.com', 'FEMENINO', 'ACTIVO'),
(4, 'RENJEL', 'ALANOCA', 'DARIA DORA', '692266', 'INGENIERO DE MINAS', '', '65777043', 'daria doraha2@gmail.com', 'FEMENINO', 'ACTIVO'),
(5, 'VEIZAN', 'LIMA', 'MARISOL ', '3549559', 'INGENIERO CIVIL', '', '61826343', 'marisolha2@gmail.com', 'FEMENINO', 'ACTIVO'),
(6, 'SANCHEZ', 'ALCAZAR', 'MAGALI JANETT', '4048153', 'INGENIERO GEOLOGO', '', '73802720', 'magali janettha2@gmail.com', 'FEMENINO', 'ACTIVO'),
(7, 'VELASQUEZ', 'CONDORI', 'OLGA ', '4330030', 'INGENIERO CIVIL', '', '74041450', 'olgaha2@gmail.com', 'FEMENINO', 'ACTIVO'),
(8, 'VIRACOCHEA', 'CHUNGARA', 'HILDA ', '2770240', 'INGENIERO AGRONOMO', '5244244', '71854880', 'hildaha2@gmail.com', 'FEMENINO', 'ACTIVO'),
(9, 'QUISPE', 'TORREZ', 'FELIPA ', '2902170', 'INGENIERO AGRONOMO', '', '65439109', 'felipaha2@gmail.com', 'FEMENINO', 'ACTIVO'),
(10, 'MONTALVO', 'SOLIZ', 'JOSE ISRAEL', '6157882', 'INGENIERO AGRONOMO', '', '65410841', 'jose israelha2@gmail.com', 'MASCULINO', 'ACTIVO'),
(11, 'MENDIZABAL', 'ROJAS', 'HILDA PASTORA', '3546128', 'INGENIERO CIVIL', '', '73833105', 'hilda pastoraha2@gmail.com', 'FEMENINO', 'ACTIVO'),
(12, 'CHOQUE', 'SORIA', 'MERCADO VITALIANO', '5764641', 'INGENIERO CIVIL', '5260735', '67221353', 'mercado vitalianoha2@gmail.com', 'MASCULINO', 'ACTIVO'),
(13, 'MAMANI', 'CHOQUE', 'TEODORA ', '2757772', 'INGENIERO GEOLOGO', '5260735', '74125901', 'teodoraha2@gmail.com', 'FEMENINO', 'ACTIVO'),
(14, 'CONDE', 'NINA', 'EPIFANIO ', '2723988', 'INGENIERO DE MINAS', '5241313', '79416334', 'epifanioconde@gmail.com', 'MASCULINO', 'ACTIVO'),
(15, 'BAZAN', 'FERNANDEZ', 'GUILLERMO ', '5687604', 'INGENIERO ELECTRICO', '', '75406692', 'guillermobazan@gmail.com', 'MASCULINO', 'ACTIVO'),
(16, 'VILLCA', 'CHINO', 'INES ', '2797273', 'INGENIERO AMBIENTAL', '5242536', '72317059', 'inesvillca@gmail.com', 'FEMENINO', 'ACTIVO'),
(17, 'FERNANDEZ', 'NINA', 'BERTHA ', '6105004', 'INGENIERO CIVIL', '', '68614086', 'berthafernandez@gmail.com', 'FEMENINO', 'ACTIVO'),
(18, 'GOMEZ', 'AGUILAR', 'CARMEN ', '6561432', 'INGENIERO CIVIL', '', '65064449', 'carmengomez@gmail.com', 'FEMENINO', 'ACTIVO'),
(19, 'DIAZ', 'CONDO', 'JHON HEBERT', '7290170', 'INGENIERO DE MINAS', '', '64361860', 'diazcondohebert@gmail.com', 'MASCULINO', 'ACTIVO'),
(20, 'GERONIMO', 'CONDORI', 'ANA ABIGAIL', '3429572', 'INGENIERO AGRONOMO', '', '72472734', 'condorigeronimo@gmail.com', 'FEMENINO', 'ACTIVO'),
(21, 'CAPIA', 'RAMOS', 'FELISA ', '6638903', 'INGENIERO GEOLOGO', '5244553', '67514576', 'ramoscapia@gmail.com', 'FEMENINO', 'ACTIVO'),
(22, 'HUANCA', 'VERA', 'MARIA ', '5016276', 'INGENIERO GEOLOGO', '5212286', '70430049', 'verahuanca@gmail.com', 'FEMENINO', 'ACTIVO'),
(23, 'MORALES', 'PINAYA', 'MICHELLE ESTEFANIA', '7368790', 'INGENIERO GEOLOGO', '', '75413157', 'pinayamorales@gmail.com', 'FEMENINO', 'ACTIVO'),
(24, 'LEON', 'SILVESTRE', 'MARIO ', '7382462', 'INGENIERO CIVIL', '', '65403346', 'silvestreleon@hotmail', 'MASCULINO', 'ACTIVO'),
(25, 'GUTIERREZ', 'MONTECINOS', 'EMILIANA ', '5735973', 'INGENIERO AMBIENTAL', '', '65388814', 'montecinosgutierrez@gmail.com', 'FEMENINO', 'ACTIVO'),
(26, 'CHIRILLA', 'CHAMBI', 'CIRILA MEDONIA', '3527956', 'INGENIERO AGRONOMO', '5246825', '62875462', 'chambichirilla@gmail.com', 'FEMENINO', 'ACTIVO'),
(27, 'VILLAN', 'CORANI', 'TEOFILA ', '5061952', 'INGENIERO AGRONOMO', '', '72398123', 'coranivillan@gmail.com', 'FEMENINO', 'ACTIVO'),
(28, 'MAIN', 'MAMANI', 'ARMINDA JUANA', '5068982', 'INGENIERO AGRONOMO', '', '72398928', 'mamanimain@gmail.com', 'FEMENINO', 'ACTIVO'),
(29, 'QUISPE', 'MOROCO', 'ELIZABETH ', '3506852', 'INGENIERO AGRONOMO', '', '72382733', 'morocoquispe@gmail.com', 'FEMENINO', 'ACTIVO'),
(30, 'VILLAZON', 'SALAZAR', 'DORIS ELENA', '2310613', 'INGENIERO AGRONOMO', '', '72398658', 'salazardoris@gmail.com', 'FEMENINO', 'ACTIVO'),
(31, 'CONDORETI', 'PAQUICHIRI', 'FELISA ', '3773384', 'INGENIERO AGRONOMO', '5245275', '72398123', 'paquichirifelisa@gmail.com', 'FEMENINO', 'ACTIVO'),
(32, 'RODRIGUEZ', 'MIRANDA', 'LEONOR ', '2791936', 'INGENIERO AGRONOMO', '', '65407976', 'mirandaleonor@gmail.com', 'FEMENINO', 'ACTIVO'),
(33, 'ACHATA', 'MAMANI', 'GENOVEVA ', '7314740', 'INGENIERO AGRONOMO', '', '67737034', 'mamanigenoveva@gmail.com', 'FEMENINO', 'ACTIVO'),
(34, 'LUNA', 'CRUZ', 'PAULINA ', '3064031', 'INGENIERO DE MINAS', '', '72321035', 'cruzpaulina@gmail.com', 'FEMENINO', 'ACTIVO'),
(35, 'ROMAN', 'FERNANDEZ', 'ALEJANDRINA ', '5063309', 'INGENIERO DE MINAS', '5243924', '73831264', 'fernandezalejandrina@gmail.com', 'FEMENINO', 'ACTIVO'),
(36, 'MAMANI', 'MARCA', 'BERNABE ', '5082781', 'INGENIERO CIVIL', '5256953', '73832634', 'marcabernabe@gmail.com', 'MASCULINO', 'ACTIVO'),
(37, 'MERCADO', 'MACHICADO', 'MARYELING DANIELA', '7286902', 'INGENIERO AMBIENTAL', '', '60409087', 'machicadomaryeling@gmail.com', 'FEMENINO', 'ACTIVO'),
(38, 'YORGOS', 'FLORES', 'JHASMIN ELSA', '5394461', 'INGENIERO GEOLOGO', '5254801', '72385540', 'floresjhasmin@gmail.com', 'FEMENINO', 'ACTIVO'),
(39, 'RIVA', 'CALIZAYA', 'LIZETH CAROLINA', '6587494', 'INGENIERO AMBIENTAL', '', '73861993', 'calizayalizeth@gmail.com', 'FEMENINO', 'ACTIVO'),
(40, 'CASTELLON', 'TORRICO', 'ANDY JHOAN', '7356044', 'INGENIERO DE MINAS', '', '65438446', 'torricoandy@gmail.com', 'MASCULINO', 'ACTIVO'),
(41, 'CHOQUE', 'GARCIA', 'DIANA CONSUELO', '7415595', 'INGENIERO ELECTRICO', '', '65433889', 'garciadiana@gmail.com', 'FEMENINO', 'ACTIVO'),
(42, 'COLQUE', 'SARAVIA', 'ENRIQUE ', '7418832', 'INGENIERO ELECTRICO', '', '75425752', 'saraviaenrique@gmail.com', 'MASCULINO', 'ACTIVO'),
(43, 'ESCOBAR', 'QUISBERTH', 'AZAHEL GUSTAVO', '5644782', 'INGENIERO ELECTRICO', '', '75411496', 'quisberthazahel@gmail.com', 'MASCULINO', 'ACTIVO'),
(44, 'OMOYA', 'BLAZZ', 'MICHAEL ANDRES', '7323630', 'INGENIERO GEOLOGO', '', '73848983', 'blazzmichael@gmail.com', 'MASCULINO', 'ACTIVO'),
(45, 'CORDOVA', 'FLORES', 'TEODOCIO ', '3973653', 'INGENIERO CIVIL', '5277812', '73318641', 'floresteodocio@gmail.com', 'MASCULINO', 'ACTIVO'),
(46, 'DALENZ', 'MEDINACELI', 'BELEN ', '7404813', 'INGENIERO CIVIL', '5270364', '72530256', 'medinacelibelen@gmail.com', 'FEMENINO', 'ACTIVO'),
(47, 'GUTIERREZ', 'CHOQUE', 'AMELIA ', '3533357', 'INGENIERO AGRONOMO', '', '72332308', 'choqueamelia@gmail.com', 'FEMENINO', 'ACTIVO'),
(48, 'FLORES', 'ADRIAN', 'HILDA ', '8012906', 'INGENIERO AGRONOMO', '5250385', '71672944', 'adrianhilda@gmail.com', 'FEMENINO', 'ACTIVO'),
(49, 'RASGUIDO', 'MEJIA', 'ELDDY FATTY', '3099456', 'INGENIERO AGRONOMO', '', '71139103', 'mejiaelddy@gmail.com', 'FEMENINO', 'ACTIVO'),
(50, 'CALDERON', 'BERNAL', 'SAMANTHA DANIELA', '3668422', 'INGENIERO CIVIL', '', '70605262', 'bernalsamantha@gmail.com', 'FEMENINO', 'ACTIVO'),
(51, 'COSSIO', 'VARGAS', 'LIZETH ELENA', '9864816', 'INGENIERO CIVIL', '', '67209612', 'vargaslizeth@gmail.com', 'FEMENINO', 'ACTIVO'),
(52, 'COLQUE', 'CRUZ', 'BENICA ', '5778970', 'INGENIERO DE MINAS', '', '60412694', 'cruzbenica@gmail.com', 'FEMENINO', 'ACTIVO'),
(53, 'MOLLO', 'CALLE', 'SAYDA ', '7404792', 'INGENIERO GEOLOGO', '5280791', '53615776', 'callesayda@gmail.com', 'FEMENINO', 'ACTIVO'),
(54, 'GARCIA', 'GARCIA', 'AURORA LIDIA', '3530072', 'INGENIERO DE MINAS', '5214244', '72484849', 'garciaaurora@gmail.com', 'FEMENINO', 'ACTIVO'),
(55, 'MORALES', 'ZAPATA', 'JULIETA HAYDEE', '3546030', 'INGENIERO CIVIL', '', '72513166', 'zapatamorales@gmail.com', 'FEMENINO', 'ACTIVO'),
(56, 'MACHICADO', 'FLORES', 'IRMA NELLY', '2541575', 'INGENIERO CIVIL', '', '71569466', 'floresmachicado@gmail.com', 'FEMENINO', 'ACTIVO'),
(57, 'BELTRAN', 'LOPEZ', 'BENJAMIN URIEL', '6458479', 'INGENIERO CIVIL', '', '70414966', 'lopezbeltran@gmail.com', 'MASCULINO', 'ACTIVO'),
(58, 'RUIZ', 'LOPEZ', 'CONSTANTINA ', '2722047', 'INGENIERO CIVIL', '', '77156490', 'lopezruiz@gmail.com', 'FEMENINO', 'ACTIVO'),
(59, 'MOLINA', 'CALVIMONTE', 'HILDA NILA', '5759016', 'INGENIERO CIVIL', '5289182', '78633998', 'molinahilda@gmail.com', 'FEMENINO', 'ACTIVO'),
(60, 'FLORES', 'PACHECO', 'SAMUEL FERNANDO', '7362468', 'INGENIERO CIVIL', '5243924', '78605832', 'floressamuel@gmail.com', 'MASCULINO', 'ACTIVO'),
(61, 'MAMANI', 'FERNANDEZ', 'MARIA MERCEDES', '7318601', 'INGENIERO CIVIL', '5246556', '79581448', 'mamanimaria@gmail.com', 'FEMENINO', 'ACTIVO'),
(62, 'LIMA', 'LIMA', 'PATRICIA ALESSANDRA', '7451800', 'INGENIERO AMBIENTAL', '5232365', '73849636', 'limapatricia@gmail.com', 'FEMENINO', 'ACTIVO'),
(63, 'MIGUEZ', 'AGUILAR', 'VICTORIA ', '6265579', 'INGENIERO ELECTRICO', '', '72589442', 'miguezvictoria@gmail.com', 'FEMENINO', 'ACTIVO'),
(64, 'MENESES', 'FUENTES', 'INES ', '7375891', 'INGENIERO AGRONOMO', '5254716', '70211344', 'menesesines@gmail.com', 'FEMENINO', 'ACTIVO'),
(65, 'VARGAS', 'ACEVEDO', 'NELLY ', '6713723', 'INGENIERO DE MINAS', '', '67833246', 'vargasnelly@gmail.com', 'FEMENINO', 'ACTIVO'),
(66, 'MENDOZA', 'MOYA', 'JACQUELINE ', '3068738', 'INGENIERO CIVIL', '', '65455148', 'mendozajacqueline@gmail.com', 'FEMENINO', 'ACTIVO'),
(67, 'ALCONCE', 'MISERICORDIA', 'EMETERIA ', '5728107', 'INGENIERO CIVIL', '5252431', '63077050', 'alconceemeteria@gmail.com', 'FEMENINO', 'ACTIVO'),
(68, 'LARA', 'DELGADO', 'ANGELA FRANCISCA', '3113860', 'INGENIERO CIVIL', '5252431', '60698952', 'laraangela@gmail.com', 'FEMENINO', 'ACTIVO'),
(69, 'NU?EZ', 'LARA', 'PACHAKUTI MARTIN', '7293408', 'INGENIERO CIVIL', '5289984', '68320854', 'nu?ezpachakuti@gmail.com', 'MASCULINO', 'ACTIVO'),
(70, 'CANAVIRI', 'IMPA', 'CAMILA BRENDA', '3613138', 'INGENIERO CIVIL', '5250385', '79412756', 'canaviricamila@gmail.com', 'FEMENINO', 'ACTIVO'),
(71, 'ARANCIBIA', 'FUENTES', 'EVA ROMINA', '7451406', 'INGENIERO CIVIL', '5274237', '72364658', 'arancibiaeva@gmail.com', 'FEMENINO', 'ACTIVO'),
(72, 'GONZALES', 'BALTAZAR', 'SHARON ANDREINA', '7279198', 'INGENIERO CIVIL', '5275234', '73830986', 'gonzalessharon@gmail.com', 'FEMENINO', 'ACTIVO'),
(73, 'FRANCO', 'MORALES', 'ANGEL DANIEL', '3097816', 'INGENIERO CIVIL', '5260057', '79497314', 'francoangel@gmail.com', 'MASCULINO', 'ACTIVO'),
(74, 'QUISPE', 'MOROCO', 'JANNETH ', '7281313', 'INGENIERO AGRONOMO', '5260445', '75436364', 'quispejanneth@gmail.com', 'FEMENINO', 'ACTIVO'),
(75, 'BOLA?OS', 'OROSCO', 'OLGA VALENTINA', '5726323', 'INGENIERO INDUSTRIAL', '', '70413802', 'bola?osolga@gmail.com', 'FEMENINO', 'ACTIVO'),
(76, 'CHOQUE', 'LIMACHI', 'LISBETH ISABEL', '4035173', 'INGENIERO DE MINAS', '', '71847818', 'choquelisbeth@gmail.com', 'FEMENINO', 'ACTIVO'),
(77, 'HUARACHI', 'COLQUE', 'ROSMERY ', '3049491', 'INGENIERO DE MINAS', '', '61834783', 'huarachirosmery@gmail.com', 'FEMENINO', 'ACTIVO'),
(78, 'SANTOS', 'NOYA', 'ALEJANDRA ', '4023285', 'INGENIERO CIVIL', '5263105', '60440510', 'santosalejandra@gmail.com', 'FEMENINO', 'ACTIVO'),
(79, 'SOTO', 'BLASS', 'JOELY ANDREA', '2729521', 'INGENIERO CIVIL', '', '76103437', 'sotojoely@gmail.com', 'FEMENINO', 'ACTIVO'),
(80, 'DIAZ', 'BARCO', 'ESPINOZA CONSTANZA', '7282657', 'INGENIERO CIVIL', '5242002', '71166364', 'diazespinoza@gmail.com', 'FEMENINO', 'ACTIVO'),
(81, 'PEREZ', 'CHAVEZ', 'ANDRES ', '5777195', 'INGENIERO CIVIL', '', '69585885', 'perezandres@gmail.com', 'MASCULINO', 'ACTIVO'),
(82, 'MORALES', 'MORANDO', 'GABRIELA LOURDES', '5907736', 'INGENIERO AMBIENTAL', '', '72316293', 'moralesgabriela@gmail.com', 'FEMENINO', 'ACTIVO'),
(83, 'MORALES', 'CAHUANA', 'MARIA CAROLINA', '7404500', 'INGENIERO AGRONOMO', '', '72489565', 'moralesmaria@gmail.com', 'FEMENINO', 'ACTIVO'),
(84, 'LOPEZ', 'LLANQUE', 'CARLOS ANDRES', '7361504', 'INGENIERO CIVIL', '', '68356673', 'lopezcarlos@gmail.com', 'MASCULINO', 'ACTIVO'),
(85, 'CRUZ', 'ANGULO', 'LUIS EDGAR', '7316053', 'INGENIERO CIVIL', '5283991', '67394557', 'cruzluis@gmail.com', 'MASCULINO', 'ACTIVO'),
(86, 'CHOQUE', 'NINA', 'CRISTINA ', '7403754', 'INGENIERO CIVIL', '', '78611608', 'choquecristina@gmail.com', 'FEMENINO', 'ACTIVO'),
(87, 'CRUZ', 'ANGULO', 'EUNISE ALEJANDRA', '7358943', 'INGENIERO CIVIL', '', '70421864', 'anguloeunisealejandra@gmail.com', 'FEMENINO', 'ACTIVO'),
(88, 'IQUIZE', 'RODRIGUEZ', 'JAIRO JOEL', '4659080', 'INGENIERO CIVIL', '', '77156784', 'rodriguezjairojoel@gmail.com', 'MASCULINO', 'ACTIVO'),
(89, 'CALLE', 'VALENTE', 'JAIRO JAIME', '7358942', 'INGENIERO CIVIL', '5235861', '73841928', 'valentejairojaime@gmail.com', 'MASCULINO', 'ACTIVO'),
(90, 'LIMACHI', 'MAMANI', 'FLORA ', '7321142', 'INGENIERO CIVIL', '', '63634338', 'mamanifloraflora@gmail.com', 'FEMENINO', 'ACTIVO'),
(91, 'PERLA', 'TORRICO', 'OSCAR ', '4756572', 'INGENIERO CIVIL', '', '72474435', 'torricooscaroscar@gmail.com', 'MASCULINO', 'ACTIVO'),
(92, 'SOLIZ', 'CARRASCO', 'LUCY GLADYS', '4054391', 'INGENIERO CIVIL', '5244553', '68616074', 'carrascolucygladys@gmail.com', 'FEMENINO', 'ACTIVO'),
(93, 'FERNANDEZ', 'VILLEGAS', 'JULIO WILFREDO', '7391212', 'INGENIERO CIVIL', '', '72461940', 'villegasjuliowilfredo@gmail.com', 'MASCULINO', 'ACTIVO'),
(94, 'ARROYO', 'GUZMAN', 'SAREL ADRIANA', '5735958', 'INGENIERO CIVIL', '5256421', '74952808', 'guzmansareladriana@gmail.com', 'FEMENINO', 'ACTIVO'),
(95, 'ORDO?EZ', 'MASIAS', 'ELVIA SOFIA', '7267855', 'INGENIERO CIVIL', '5212125', '77115252', 'masiaselviasofia@gmail.com', 'FEMENINO', 'ACTIVO'),
(96, 'VALDEZ', 'CHIRI', 'ESMERALDA ', '7404020', 'INGENIERO INDUSTRIAL', '5252530', '79477697', 'chiriesmeraldaesmeralda@gmail.com', 'FEMENINO', 'ACTIVO'),
(97, 'MARE?O', 'LAFUENTE', 'CRISTOPHER ENZO', '3512602', 'INGENIERO AGRONOMO', '5251244', '72356396', 'lafuentecristopherenzo@gmail.com', 'MASCULINO', 'ACTIVO'),
(98, 'RIVERO', 'MACHICADO', 'ARIEL FRANCISCO', '7414117', 'INGENIERO AGRONOMO', '', '72457980', 'machicadoarielfrancisco@gmail.com', 'MASCULINO', 'ACTIVO'),
(99, 'ZUBIETA', 'YUCRA', 'ABRIL MELANIA', '7354472', 'INGENIERO CIVIL', '', '65413600', 'yucraabrilmelania@gmail.com', 'FEMENINO', 'ACTIVO'),
(100, 'GUZMAN', 'AMURRIO', 'SILVIA FILY', '5741574', 'INGENIERO CIVIL', '5247408', '69587752', 'amurriosilviafily@gmail.com', 'FEMENINO', 'ACTIVO'),
(101, 'DOCKAR', 'CHUQUIMIA', 'MARIA DEL CARMEN', '7351491', 'INGENIERO CIVIL', '', '79423933', 'chuquimiamariacarmen@gmail.com', 'FEMENINO', 'ACTIVO'),
(102, 'CABRERA', 'ELIAS', 'OSVALDO MARTIN', '6266269', 'INGENIERO CIVIL', '', '73849395', 'eliasosvaldomartin@gmail.com', 'MASCULINO', 'ACTIVO'),
(103, 'MEZA', 'LLANQUE', 'ARIEL OVIDIO', '3069473', 'INGENIERO CIVIL', '5242060', '73839847', 'llanquearielovidio@gmail.com', 'MASCULINO', 'ACTIVO'),
(104, 'RAMIREZ', 'VELASQUEZ', 'CARLA ', '7403995', 'INGENIERO CIVIL', '', '73849636', 'velasquezcarlacarla@gmail.com', 'FEMENINO', 'ACTIVO'),
(105, 'AYAVIRI', 'MOLLO', 'ANDREA NAJHELY', '7384944', 'INGENIERO CIVIL', '5236138', '72461940', 'molloandreanajhely@gmail.com', 'FEMENINO', 'ACTIVO'),
(106, 'AYAVIRI', 'MOLLO', 'ALVARO VIDAL', '7326018', 'INGENIERO CIVIL', '5258029', '72323517', 'molloalvarovidal@gmail.com', 'MASCULINO', 'ACTIVO'),
(107, 'ORTIZ', 'MENDOZA', 'JORGE ', '2740807', 'INGENIERO CIVIL', '', '70425912', 'mendozajorgejorge@gmail.com', 'MASCULINO', 'ACTIVO'),
(108, 'FLORES', 'OROSCO', 'VICTOR HUGO', '2519529', 'INGENIERO CIVIL', '5240911', '68392922', 'oroscovictorhugo@gmail.com', 'MASCULINO', 'ACTIVO'),
(109, 'PACHECO', 'SOLARES', 'ELIZABETH BERNA', '12709191', 'INGENIERO CIVIL', '5280447', '68359932', 'solareselizabethberna@gmail.com', 'FEMENINO', 'ACTIVO'),
(110, 'GONZALES', 'CLAURE', 'ADRIANA ', '5726388', 'INGENIERO CIVIL', '', '68326941', 'claureadrianaadriana@gmail.com', 'FEMENINO', 'ACTIVO'),
(111, 'HERRERA', 'GUTIERREZ', 'ANA AIDEE', '3547490', 'INGENIERO CIVIL', '5254964', '65793951', 'gutierrezanaaidee@gmail.com', 'FEMENINO', 'ACTIVO'),
(112, 'LLANQUE', 'DURAN', 'PABLO ANDRES', '7404489', 'INGENIERO CIVIL', '52732224', '72460961', 'duranpabloandres@gmail.com', 'MASCULINO', 'ACTIVO'),
(113, 'VIZA', 'FERNANDEZ', 'JULIETA ', '3051624', 'INGENIERO DE MINAS', '5272204', '72327971', 'fernandezjulietajulieta@gmail.com', 'FEMENINO', 'ACTIVO'),
(114, 'LOAYZA', 'FLORES', 'MARIANA PAOLA', '7370738', 'INGENIERO DE MINAS', '', '72394981', 'floresmarianapaola@gmail.com', 'FEMENINO', 'ACTIVO'),
(115, 'POL', 'LOZA', 'GABRIELA ', '7421515', 'INGENIERO DE MINAS', '', '78607701', 'lozagabrielagabriela@gmail.com', 'FEMENINO', 'ACTIVO'),
(116, 'CONDE', 'FLORES', 'DAIRA ', '3124867', 'INGENIERO DE MINAS', '', '71889577', 'floresdairadaira@gmail.com', 'FEMENINO', 'ACTIVO'),
(117, 'ESPINOZA', 'TORREZ', 'ZUMEL ISABEL', '7323650', 'INGENIERO DE MINAS', '5260735', '76171453', 'torrezzumelisabel@gmail.com', 'FEMENINO', 'ACTIVO'),
(118, 'CONDORI', 'LEON', 'ROMEL GABRIEL', '7318081', 'INGENIERO DE MINAS', '', '72484691', 'leonromelgabriel@gmail.com', 'MASCULINO', 'ACTIVO'),
(119, 'ALBAN', 'MACIAS', 'DAVID ELOY', '3536188', 'INGENIERO AGRONOMO', '', '76144041', 'anguloeunisealejandra@gmail.com', 'MASCULINO', 'ACTIVO'),
(120, 'RAMOS', 'DELGADO', 'DANIELA CARMEN', '2965211', 'INGENIERO INDUSTRIAL', '', '75713370', 'rodriguezjairojoel@gmail.com', 'FEMENINO', 'ACTIVO'),
(121, 'CACHAMBI', 'CARO', 'RAFAEL ', '5746871', 'INGENIERO INDUSTRIAL', '5246880', '72328269', 'valentejairojaime@gmail.com', 'MASCULINO', 'ACTIVO'),
(122, 'RODRIGUEZ', 'PEREDO', 'HILDA ', '7450477', 'INGENIERO CIVIL', '', '72356131', 'mamanifloraflora@gmail.com', 'FEMENINO', 'ACTIVO'),
(123, 'VALDEZ', 'MOYA', 'RICARDA ', '7120452', 'INGENIERO AGRONOMO', '5240014', '70408684', 'torricooscaroscar@gmail.com', 'FEMENINO', 'ACTIVO'),
(124, 'CHOQUE', 'CHOQUE', 'LAURA DANIELA', '2878044', 'INGENIERO DE MINAS', '', '75712241', 'carrascolucygladys@gmail.com', 'FEMENINO', 'ACTIVO'),
(125, 'GUZMAN', 'CANEDO', 'ADRIANA MICAELA', '3523793', 'INGENIERO DE MINAS', '', '67235702', 'villegasjuliowilfredo@gmail.com', 'FEMENINO', 'ACTIVO'),
(126, 'GONZALES', 'GARCIA', 'JONATHAN RODRIGO', '7298233', 'INGENIERO DE MINAS', '5262075', '72359163', 'guzmansareladriana@gmail.com', 'MASCULINO', 'ACTIVO'),
(127, 'HUANCA', 'BLANCO', 'DIEGO FERNANDO', '7404495', 'INGENIERO DE MINAS', '5275815', '70482624', 'masiaselviasofia@gmail.com', 'MASCULINO', 'ACTIVO'),
(128, 'NINA', 'ALESSANDRI', 'TERESA SARA', '7373391', 'INGENIERO DE MINAS', '', '71806085', 'chiriesmeraldaesmeralda@gmail.com', 'FEMENINO', 'ACTIVO'),
(129, 'RIOJA', 'ARZE', 'ROSARIO CARMEN', '7312207', 'INGENIERO DE MINAS', '', '72329546', 'lafuentecristopherenzo@gmail.com', 'FEMENINO', 'ACTIVO'),
(130, 'PARCO', 'SAAVEDRA', 'JOSE MIGUEL', '2677963', 'INGENIERO DE MINAS', '5279568', '72453007', 'machicadoarielfrancisco@gmail.com', 'MASCULINO', 'ACTIVO'),
(131, 'AZE?AS', 'BRAVO', 'LEONARDO DANIEL', '6132477', 'INGENIERO DE MINAS', '', '72376468', 'yucraabrilmelania@gmail.com', 'MASCULINO', 'ACTIVO'),
(132, 'JIMENEZ', 'ROQUE', 'MAURICIO VLADIMIR', '7380567', 'INGENIERO DE MINAS', '5240780', '7899929', 'amurriosilviafily@gmail.com', 'MASCULINO', 'ACTIVO'),
(133, 'SORIA', 'AUZA', 'FREDDY RAUL', '7387545', 'INGENIERO DE MINAS', '', '69581719', 'chuquimiamariacarmen@gmail.com', 'MASCULINO', 'ACTIVO'),
(134, 'MAMANI', 'ARI', 'NELLY ', '5759545', 'INGENIERO DE MINAS', '', '72305180', 'eliasosvaldomartin@gmail.com', 'FEMENINO', 'ACTIVO'),
(135, 'RODRIGUEZ', 'FULGUERA', 'ANDRES GABRIEL', '7369642', 'INGENIERO DE MINAS', '5274944', '68396139', 'llanquearielovidio@gmail.com', 'MASCULINO', 'ACTIVO'),
(136, 'ARCE', 'SANCHEZ', 'ROSARIO DEL CARMEN', '2793923', 'INGENIERO DE MINAS', '', '71881412', 'velasquezcarlacarla@gmail.com', 'FEMENINO', 'ACTIVO'),
(137, 'GONZALES', 'CHINCHILLA', 'RUTH IVANA', '7402358', 'INGENIERO DE MINAS', '5236316', '75466685', 'molloandreanajhely@gmail.com', 'FEMENINO', 'ACTIVO'),
(138, 'CHOQUE', 'LIMACHI', 'ALEJANDRA ', '3108087', 'INGENIERO DE MINAS', '5241732', '63656810', 'molloalvarovidal@gmail.com', 'FEMENINO', 'ACTIVO'),
(139, 'ALVAREZ', 'CANAVIRI', 'ERNESTO ', '7279027', 'INGENIERO DE MINAS', '', '72474435', 'mendozajorgejorge@gmail.com', 'MASCULINO', 'ACTIVO'),
(140, 'BUENO', 'JUAREZ', 'MELODI CATTY', '7858888', 'INGENIERO DE MINAS', '', '71858477', 'oroscovictorhugo@gmail.com', 'FEMENINO', 'ACTIVO'),
(141, 'MAGNE', 'CALIZAYA', 'CAMIL EMILY', '7381587', 'INGENIERO DE MINAS', '5252680', '71109348', 'solareselizabethberna@gmail.com', 'FEMENINO', 'ACTIVO'),
(142, 'ANAGUA', 'CHOQUE', 'MIGUELINA ', '2729233', 'INGENIERO DE MINAS', '', '70460219', 'claureadrianaadriana@gmail.com', 'FEMENINO', 'ACTIVO'),
(143, 'JORGE', 'CHARACAYO', 'ESTEFANY SYNDEL', '7380588', 'INGENIERO DE MINAS', '', '72340860', 'gutierrezanaaidee@gmail.com', 'FEMENINO', 'ACTIVO'),
(144, 'QUENA', 'QUENAYA', 'MARTHA ', '4054817', 'INGENIERO CIVIL', '5265794', '72434987', 'duranpabloandres@gmail.com', 'FEMENINO', 'ACTIVO'),
(145, 'MARTINEZ', 'PARDO', 'TEODOLINDA ', '3108021', 'INGENIERO CIVIL', '', '73850743', 'fernandezjulietajulieta@gmail.com', 'FEMENINO', 'ACTIVO'),
(146, 'COLQUE', 'HINOJOSA', 'MARIA ', '6590526', 'INGENIERO CIVIL', '5212254', '73866499', 'floresmarianapaola@gmail.com', 'FEMENINO', 'ACTIVO'),
(147, 'GUZMAN', 'BUSTAMANTE', 'VICTORIA HORTENCIA', '2737371', 'INGENIERO CIVIL', '', '70482255', 'lozagabrielagabriela@gmail.com', 'FEMENINO', 'ACTIVO'),
(148, 'QUIROZ', 'ARRAZOLA', 'VICTORIA ', '3072194', 'INGENIERO CIVIL', '', '72498011', 'floresdairadaira@gmail.com', 'FEMENINO', 'ACTIVO'),
(149, 'CHOQUE', 'BELTRAN', 'EMILIA ', '3618584', 'INGENIERO CIVIL', '', '75413767', 'torrezzumelisabel@gmail.com', 'FEMENINO', 'ACTIVO'),
(150, 'VILLEGAS', 'CASTELLON', 'MARY LUZ', '2513156', 'INGENIERO CIVIL', '', '71868594', 'anguloeunisealejandra@gmail.com', 'FEMENINO', 'ACTIVO'),
(151, 'HINOJOSA', 'POZO', 'PATRICIA ALICIA', '2767026', 'INGENIERO DE MINAS', '', '68323421', 'rodriguezjairojoel@gmail.com', 'FEMENINO', 'ACTIVO'),
(152, 'IRIARTE', 'RICALDES', 'DANIELA LIZBETT', '2726453', 'INGENIERO DE MINAS', '', '68378248', 'valentejairojaime@gmail.com', 'FEMENINO', 'ACTIVO'),
(153, 'OLMOS', 'VILLEGAS', 'MARIA ANTONIETA', '3103868', 'INGENIERO DE MINAS', '', '72320021', 'mamanifloraflora@gmail.com', 'FEMENINO', 'ACTIVO'),
(154, 'VILLARROEL', 'OLIVERA', 'SORAIDA ', '5764687', 'INGENIERO AMBIENTAL', '', '68357458', 'torricooscaroscar@gmail.com', 'FEMENINO', 'ACTIVO'),
(155, 'SEVERICH', 'RIVAS', 'MARY ISABEL', '5385512', 'INGENIERO GEOLOGO', '', '68389675', 'carrascolucygladys@gmail.com', 'FEMENINO', 'ACTIVO'),
(156, 'VELASCO', 'CABERO', 'SONIA ', '3503489', 'INGENIERO AGRONOMO', '5254425', '72421891', 'villegasjuliowilfredo@gmail.com', 'FEMENINO', 'ACTIVO'),
(157, 'VELASCO', 'COSSIO', 'CELIA ESTEFANIA', '6248790', 'INGENIERO DE MINAS', '', '65454107', 'guzmansareladriana@gmail.com', 'FEMENINO', 'ACTIVO'),
(158, 'SANTOS', 'VELASQUEZ', 'JUSTINA ', '1178387', 'INGENIERO DE MINAS', '5252648', '65486323', 'masiaselviasofia@gmail.com', 'FEMENINO', 'ACTIVO'),
(159, 'MAMANI', 'ROJAS', 'MIRAI NOELIA', '6666312', 'INGENIERO DE MINAS', '5244100', '70651185', 'chiriesmeraldaesmeralda@gmail.com', 'FEMENINO', 'ACTIVO'),
(160, 'SUAZNABAR', 'HUARAYO', 'CARMI?A YUVINKA', '6649344', 'INGENIERO AMBIENTAL', '', '71183401', 'lafuentecristopherenzo@gmail.com', 'FEMENINO', 'ACTIVO'),
(161, 'SALVATIERRA', 'ARIAS', 'MATTHEW GAEL', '6993229', 'INGENIERO GEOLOGO', '', '73803834', 'machicadoarielfrancisco@gmail.com', 'MASCULINO', 'ACTIVO'),
(162, 'GONZALES', 'ARAMAYO', 'DANIELA VALENTINA', '4488132', 'INGENIERO AGRONOMO', '', '72332122', 'yucraabrilmelania@gmail.com', 'FEMENINO', 'ACTIVO'),
(163, 'AGUILAR', 'PALACIOS', 'NANCY ', '5563660', 'INGENIERO DE MINAS', '', '69594806', 'amurriosilviafily@gmail.com', 'FEMENINO', 'ACTIVO'),
(164, 'AJHUACHO', 'BAUTISTA', 'ANNELISS IDALIDA', '7376740', 'INGENIERO DE MINAS', '', '60525709', 'chuquimiamariacarmen@gmail.com', 'FEMENINO', 'ACTIVO'),
(165, 'VARGAS', 'OROZA', 'SONIA SOFIA', '4079927', 'INGENIERO DE MINAS', '', '71840557', 'eliasosvaldomartin@gmail.com', 'FEMENINO', 'ACTIVO'),
(166, 'CORDOVA', 'LOPEZ', 'CAMILA ALEJANDRA', '5209705', 'INGENIERO AMBIENTAL', '', '60428939', 'llanquearielovidio@gmail.com', 'FEMENINO', 'ACTIVO'),
(167, 'ALANEZ', 'MERCADO', 'MILDRED SAGRARIO', '6965952', 'INGENIERO GEOLOGO', '5271580', '72417321', 'velasquezcarlacarla@gmail.com', 'FEMENINO', 'ACTIVO'),
(168, 'LACA', 'BALLESTEROS', 'KATALEA ', '7346023', 'INGENIERO DE MINAS', '5248866', '68305703', 'molloandreanajhely@gmail.com', 'FEMENINO', 'ACTIVO'),
(169, 'VELASCO', 'CHULVE', 'STEFANY MAIRA', '3221612', 'INGENIERO AMBIENTAL', '', '69594085', 'molloalvarovidal@gmail.com', 'FEMENINO', 'ACTIVO'),
(170, 'MEDINA', 'PATZI', 'ISABEL ', '7291454', 'INGENIERO INDUSTRIAL', '', '72382467', 'mendozajorgejorge@gmail.com', 'FEMENINO', 'ACTIVO'),
(171, 'CUTIPA', 'MOSCOSO', 'LUZ MERY', '5749112', 'INGENIERO DE MINAS', '5243974', '72370849', 'oroscovictorhugo@gmail.com', 'FEMENINO', 'ACTIVO'),
(172, 'LIMA', 'HUANCA', 'RITA ROSSEMARY', '7329954', 'INGENIERO GEOLOGO', '5258168', '75465463', 'solareselizabethberna@gmail.com', 'FEMENINO', 'ACTIVO'),
(173, 'GUTIERREZ', 'PONCE', 'BETTY ', '6615962', 'INGENIERO DE MINAS', '5286282', '75487363', 'claureadrianaadriana@gmail.com', 'FEMENINO', 'ACTIVO'),
(174, 'ARROYO', 'QUISPE', 'CELESTINA ', '2763771', 'INGENIERO AMBIENTAL', '', '72339087', 'gutierrezanaaidee@gmail.com', 'FEMENINO', 'ACTIVO'),
(175, 'CRUZ', 'BALTAZAR', 'MONICA ', '5776161', 'INGENIERO DE MINAS', '', '72490811', 'duranpabloandres@gmail.com', 'FEMENINO', 'ACTIVO'),
(176, 'LUCAS', 'SERRUDO', 'LIZ ANGELA', '3107425', 'INGENIERO GEOLOGO', '', '76143881', 'fernandezjulietajulieta@gmail.com', 'FEMENINO', 'ACTIVO'),
(177, 'MERCADO', 'FERRUFINO', 'NORKA ', '6939413', 'INGENIERO GEOLOGO', '', '60427571', 'floresmarianapaola@gmail.com', 'FEMENINO', 'ACTIVO'),
(178, 'MONTA?O', 'LOPEZ', 'IVONNE ', '5746373', 'INGENIERO GEOLOGO', '', '72411261', 'lozagabrielagabriela@gmail.com', 'FEMENINO', 'ACTIVO'),
(179, 'TORRICO', 'HUANCA', 'MERCEDES IRENE', '2723188', 'INGENIERO GEOLOGO', '', '68394951', 'floresdairadaira@gmail.com', 'FEMENINO', 'ACTIVO'),
(180, 'ESCALANTE', 'LIMA', 'SONIA EMILIANA', '3559102', 'INGENIERO GEOLOGO', '5244553', '76178641', 'torrezzumelisabel@gmail.com', 'FEMENINO', 'ACTIVO'),
(181, 'URQUIOLA', 'BALDELLON', 'NATIVIDAD JESUS', '3045464', 'INGENIERO GEOLOGO', '5276905', '72337669', 'leonromelgabriel@gmail.com', 'FEMENINO', 'ACTIVO'),
(182, 'MENDOZA', 'ROMERO', 'SEFERINA ', '6331653', 'INGENIERO GEOLOGO', '', '75453979', 'anguloeunisealejandra@gmail.com', 'FEMENINO', 'ACTIVO'),
(183, 'MENDOZA', 'ALBA', 'NELLY CORINA', '6326664', 'INGENIERO GEOLOGO', '5241899', '61839168', 'rodriguezjairojoel@gmail.com', 'FEMENINO', 'ACTIVO'),
(184, 'MORALES', 'VALDEZ', 'HILDA ', '5345208', 'INGENIERO GEOLOGO', '5252428', '73816396', 'valentejairojaime@gmail.com', 'FEMENINO', 'ACTIVO'),
(185, 'LOPEZ', 'MISERICORDIA', 'MIRTHA JACQUELINE', '6153936', 'INGENIERO GEOLOGO', '', '72489883', 'mamanifloraflora@gmail.com', 'FEMENINO', 'ACTIVO'),
(186, 'GRANADINO', 'MARISCAL', 'MARCELO PAOLO', '2762634', 'INGENIERO AGRONOMO', '', '61821852', 'torricooscaroscar@gmail.com', 'MASCULINO', 'ACTIVO'),
(187, 'LOPEZ', 'DAZA', 'KARLA GIOVANNA', '7329098', 'INGENIERO AGRONOMO', '5270840', '70410971', 'carrascolucygladys@gmail.com', 'FEMENINO', 'ACTIVO'),
(188, 'ORDO?EZ', 'RIOS', 'CARMEN NELLY', '2779696', 'INGENIERO GEOLOGO', '5271580', '74463634', 'villegasjuliowilfredo@gmail.com', 'FEMENINO', 'ACTIVO'),
(189, 'CHOQUE', 'QUISBERTH', 'MARIA TERESA', '3502169', 'INGENIERO GEOLOGO', '5256017', '69604250', 'guzmansareladriana@gmail.com', 'FEMENINO', 'ACTIVO'),
(190, 'VEGA', 'MURILLO', 'ALESSANDRA ', '2757527', 'INGENIERO GEOLOGO', '5274860', '65410841', 'masiaselviasofia@gmail.com', 'FEMENINO', 'ACTIVO'),
(191, 'NINA', 'ARANCIBIA', 'SONIA EMILIA', '3098358', 'INGENIERO GEOLOGO', '5250649', '72306162', 'chiriesmeraldaesmeralda@gmail.com', 'FEMENINO', 'ACTIVO'),
(192, 'MACHACA', 'GONZALES', 'ANGELICA TEODORA', '7369982', 'INGENIERO GEOLOGO', '', '78656934', 'lafuentecristopherenzo@gmail.com', 'FEMENINO', 'ACTIVO'),
(193, 'ALEJO', 'IBARBE', 'NEYTHAN VLADIMIR', '3557430', 'INGENIERO GEOLOGO', '', '79425200', 'machicadoarielfrancisco@gmail.com', 'MASCULINO', 'ACTIVO'),
(194, 'MACHACA', 'MERCIE', 'BITZA LUZ', '3523382', 'INGENIERO AGRONOMO', '5210318', '69583331', 'anguloeunisealejandra@gmail.com', 'FEMENINO', 'ACTIVO'),
(195, 'ARIAS', 'IRIARTE', 'JUSTO ALEJANDRO', '7358953', 'INGENIERO AGRONOMO', '', '71846655', 'rodriguezjairojoel@gmail.com', 'MASCULINO', 'ACTIVO'),
(196, 'CONDORI', 'TAPIA', 'ALEJANDRA ', '5235210', 'INGENIERO GEOLOGO', '', '70424796', 'valentejairojaime@gmail.com', 'FEMENINO', 'ACTIVO'),
(197, 'RIOJA', 'GUZMAN', 'CRISTIAN HECTOR', '5727091', 'INGENIERO GEOLOGO', '5243919', '71859725', 'mamanifloraflora@gmail.com', 'MASCULINO', 'ACTIVO'),
(198, 'GUTIERREZ', 'CRUZ', 'SONIA LIZETH', '7277626', 'INGENIERO GEOLOGO', '', '71880458', 'torricooscaroscar@gmail.com', 'FEMENINO', 'ACTIVO'),
(199, 'HANNOVER', 'BENITEZ', 'HUGO FERNANDO', '5727090', 'INGENIERO DE MINAS', '', '72301190', 'carrascolucygladys@gmail.com', 'MASCULINO', 'ACTIVO'),
(200, 'ARROYO', 'GUZMAN', 'ORLANDO DAVID', '7306016', 'INGENIERO DE MINAS', '5274860', '72721923', 'villegasjuliowilfredo@gmail.com', 'MASCULINO', 'ACTIVO'),
(201, 'ORTIZ', 'VILLANUEVA', 'CARLA ', '2291037', 'INGENIERO DE MINAS', '5212125', '73842655', 'guzmansareladriana@gmail.com', 'FEMENINO', 'ACTIVO'),
(202, 'MENDOZA', 'MOREJON', 'JIMENA ', '7404009', 'INGENIERO DE MINAS', '', '73863388', 'masiaselviasofia@gmail.com', 'FEMENINO', 'ACTIVO'),
(203, 'OVANDO', 'FLORES', 'ROSA MABAEL', '7277256', 'INGENIERO CIVIL', '', '72461940', 'chiriesmeraldaesmeralda@gmail.com', 'FEMENINO', 'ACTIVO'),
(204, 'VILLARROEL', 'COLQUE', 'ROSARIO DEL PILAR', '5774033', 'INGENIERO CIVIL', '5280140', '71160492', 'lafuentecristopherenzo@gmail.com', 'FEMENINO', 'ACTIVO'),
(205, 'VELASQUEZ', 'VARGAS', 'LUCAS SAMIR', '7281940', 'INGENIERO CIVIL', '', '72333819', 'machicadoarielfrancisco@gmail.com', 'MASCULINO', 'ACTIVO'),
(206, 'RODRIGUEZ', 'SEVILLA', 'MIRIAM ', '2736760', 'INGENIERO CIVIL', '', '72407146', 'yucraabrilmelania@gmail.com', 'FEMENINO', 'ACTIVO'),
(207, 'TINUCO', 'FLORES', 'JADE ANTONIETA', '7326980', 'INGENIERO CIVIL', '5253758', '75480473', 'amurriosilviafily@gmail.com', 'FEMENINO', 'ACTIVO'),
(208, 'ALIAGA', 'FLORES', 'ALEJANDRA JAZMIN', '3515284', 'INGENIERO CIVIL', '', '73853800', 'chuquimiamariacarmen@gmail.com', 'FEMENINO', 'ACTIVO'),
(209, 'HUANCA', 'ARO', 'JHOVANA ', '7287985', 'INGENIERO DE MINAS', '', '77127127', 'eliasosvaldomartin@gmail.com', 'FEMENINO', 'ACTIVO'),
(210, 'APAZA', 'VILLAN', 'OSCAR FAID', '3089613', 'INGENIERO GEOLOGO', '', '75707024', 'llanquearielovidio@gmail.com', 'MASCULINO', 'ACTIVO'),
(211, 'CHOQUECHAMBI', 'MONTA?O', 'PABLO ', '3064907', 'INGENIERO DE MINAS', '', '75406372', 'velasquezcarlacarla@gmail.com', 'MASCULINO', 'ACTIVO'),
(212, 'BIRBUETHG', 'ACHACOLLO', 'R/N ', '7398876', 'INGENIERO CIVIL', '5257502', '71767939', 'molloandreanajhely@gmail.com', 'MASCULINO', 'ACTIVO'),
(213, 'CALLE', 'MAMANI', 'JOHN DALTON', '7336231', 'INGENIERO CIVIL', '', '73843632', 'molloalvarovidal@gmail.com', 'MASCULINO', 'ACTIVO'),
(214, 'AYAVIRI', 'ESCOBAR', 'OFELIA ', '7321020', 'INGENIERO CIVIL', '', '68323080', 'mendozajorgejorge@gmail.com', 'FEMENINO', 'ACTIVO'),
(215, 'SANDY', 'FLORES', 'JAIRO CIDAR', '7319582', 'INGENIERO CIVIL', '', '78615279', 'oroscovictorhugo@gmail.com', 'MASCULINO', 'ACTIVO'),
(216, 'ARO', 'MONTES', 'DESIDERIA ', '3053047', 'INGENIERO CIVIL', '', '69577226', 'solareselizabethberna@gmail.com', 'FEMENINO', 'ACTIVO'),
(217, 'GUTIERREZ', 'ZAMBRANA', 'JUAN DE DIOS', '7351187', 'INGENIERO AMBIENTAL', '', '68292019', 'claureadrianaadriana@gmail.com', 'MASCULINO', 'ACTIVO'),
(218, 'MENESES', 'AVILA', 'VALERIA MICHELLE', '7317000', 'INGENIERO AMBIENTAL', '', '67006812', 'gutierrezanaaidee@gmail.com', 'FEMENINO', 'ACTIVO'),
(219, 'VILLANUEVA', 'CALLE', 'SILVANA MARIA', '12716999', 'INGENIERO AMBIENTAL', '5248998', '65721605', 'duranpabloandres@gmail.com', 'FEMENINO', 'ACTIVO'),
(220, 'ROQUE', 'LAURA', 'JACQUELINE ', '7399355', 'INGENIERO AMBIENTAL', '5251299', '64436398', 'fernandezjulietajulieta@gmail.com', 'FEMENINO', 'ACTIVO'),
(221, 'MELEAN', 'MU?OZ', 'JOSE LUIS', '7266508', 'INGENIERO AMBIENTAL', '', '73841622', 'floresmarianapaola@gmail.com', 'MASCULINO', 'ACTIVO'),
(222, 'AVIZA', 'COLQUE', 'ARIANE ', '4074041', 'INGENIERO AMBIENTAL', '', '68346846', 'lozagabrielagabriela@gmail.com', 'FEMENINO', 'ACTIVO'),
(223, 'TICONA', 'LOPEZ', 'GUADALUPE GUARANY', '3075192', 'INGENIERO AMBIENTAL', '', '72352070', 'floresdairadaira@gmail.com', 'FEMENINO', 'ACTIVO'),
(224, 'MACHICADO', 'ARIVIRI', 'WENDY ', '7254547', 'INGENIERO AMBIENTAL', '', '70405724', 'torrezzumelisabel@gmail.com', 'FEMENINO', 'ACTIVO'),
(225, 'CORDOVA', 'LOPEZ', 'LUCIA KARLA', '7348082', 'INGENIERO AMBIENTAL', '5253813', '71146258', 'leonromelgabriel@gmail.com', 'FEMENINO', 'ACTIVO'),
(226, 'TICACALA', 'GUTIERREZ', 'EMILIANA ', '7272441', 'INGENIERO CIVIL', '', '70417988', 'anguloeunisealejandra@gmail.com', 'FEMENINO', 'ACTIVO'),
(227, 'CASTILLO', 'OROSCO', 'CARLA ALEJANDRA', '4143992', 'INGENIERO CIVIL', '', '70437043', 'rodriguezjairojoel@gmail.com', 'FEMENINO', 'ACTIVO'),
(228, 'TORRICOS', 'VARGAS', 'CARMEN PATRICIA', '2789177', 'INGENIERO CIVIL', '5245275', '60457881', 'valentejairojaime@gmail.com', 'FEMENINO', 'ACTIVO'),
(229, 'SAN', 'ROMAN', 'CAMILA ALEJANDRA', '3529997', 'INGENIERO INDUSTRIAL', '', '70424636', 'mamanifloraflora@gmail.com', 'FEMENINO', 'ACTIVO'),
(230, 'BILBAO', 'ORDO?EZ', 'ADRIANA KATHERINE', '2728919', 'INGENIERO AGRONOMO', '', '68391391', 'torricooscaroscar@gmail.com', 'FEMENINO', 'ACTIVO'),
(231, 'LIMA', 'SORIA', 'ANABEL KARINA', '4061615', 'INGENIERO GEOLOGO', '', '79425111', 'carrascolucygladys@gmail.com', 'FEMENINO', 'ACTIVO'),
(232, 'VARGAS', 'FLORES', 'SANDRA ', '5758112', 'INGENIERO AGRONOMO', '5245522', '71847521', 'villegasjuliowilfredo@gmail.com', 'FEMENINO', 'ACTIVO'),
(233, 'HUALLATA', 'ICHOTA', 'GLADYS ', '7303271', 'INGENIERO CIVIL', '', '63645730', 'guzmansareladriana@gmail.com', 'FEMENINO', 'ACTIVO'),
(234, 'FLORES', 'MIRANDA', 'ANGELICA ', '7354601', 'INGENIERO CIVIL', '', '77196543', 'masiaselviasofia@gmail.com', 'FEMENINO', 'ACTIVO'),
(235, 'FELIPEZ', 'COTA', 'NESTOR MANUEL', '7401556', 'INGENIERO CIVIL', '', '77197763', 'chiriesmeraldaesmeralda@gmail.com', 'MASCULINO', 'ACTIVO'),
(236, 'FLORES', 'ALVAREZ', 'ROSAURA ', '7348465', 'INGENIERO CIVIL', '', '68314344', 'lafuentecristopherenzo@gmail.com', 'FEMENINO', 'ACTIVO'),
(237, 'RIVAS', 'CABEZAS', 'STEPHANIE ', '7403706', 'INGENIERO GEOLOGO', '', '65454017', 'machicadoarielfrancisco@gmail.com', 'FEMENINO', 'ACTIVO'),
(238, 'JORGE', 'CHOQUE', 'PAOLA BELEN', '7318082', 'INGENIERO CIVIL', '5276116', '60412918', 'yucraabrilmelania@gmail.com', 'FEMENINO', 'ACTIVO'),
(239, 'SALAZAR', 'AVILES', 'MAURO ', '5731604', 'INGENIERO CIVIL', '', '70471818', 'amurriosilviafily@gmail.com', 'MASCULINO', 'ACTIVO'),
(240, 'BETANCUR', 'OJEDA', 'YOSELIN ESTEFANY', '7309706', 'INGENIERO CIVIL', '', '77130719', 'chuquimiamariacarmen@gmail.com', 'FEMENINO', 'ACTIVO'),
(241, 'PEREZ', 'BENITEZ', 'MARIA ELENA', '7410033', 'INGENIERO CIVIL', '', '72389619', 'eliasosvaldomartin@gmail.com', 'FEMENINO', 'ACTIVO'),
(242, 'AYMA', 'PACO', 'MARIA ESTELA', '3858016', 'INGENIERO CIVIL', '', '72430181', 'llanquearielovidio@gmail.com', 'FEMENINO', 'ACTIVO'),
(243, 'SOTO', 'MARQUEZ', 'IVAN ALEJANDRO', '3505867', 'INGENIERO DE MINAS', '5257559', '68382968', 'velasquezcarlacarla@gmail.com', 'MASCULINO', 'ACTIVO'),
(244, 'CHAVEZ', 'QUINAYA', 'KATIANA ', '5742296', 'INGENIERO DE MINAS', '', '72332699', 'molloandreanajhely@gmail.com', 'FEMENINO', 'ACTIVO'),
(245, 'SUAREZ', 'ALBINO', 'VICTOR ALEXANDER', '7363050', 'INGENIERO DE MINAS', '', '72482430', 'molloalvarovidal@gmail.com', 'MASCULINO', 'ACTIVO'),
(246, 'CHOQUE', 'BRA?EZ', 'ZAMIRA ANDREA', '7324080', 'INGENIERO AMBIENTAL', '', '79425754', 'mendozajorgejorge@gmail.com', 'FEMENINO', 'ACTIVO'),
(247, 'PRADO', 'CASTELLON', 'MARCO ANTONIO', '2997402', 'INGENIERO AGRONOMO', '', '71840016', 'oroscovictorhugo@gmail.com', 'MASCULINO', 'ACTIVO'),
(248, 'VACA', 'FERNANDEZ', 'MARIA DIONILDA', '7312944', 'INGENIERO AMBIENTAL', '5254096', '65386543', 'solareselizabethberna@gmail.com', 'FEMENINO', 'ACTIVO'),
(249, 'VARGAS', 'VIRACA', 'CAMILA JAZMIN', '5727007', 'INGENIERO AGRONOMO', '', '67446969', 'claureadrianaadriana@gmail.com', 'FEMENINO', 'ACTIVO'),
(250, 'SALVATIERRA', 'ORTU?O', 'CLAUDIA ROSA', '1616158', 'INGENIERO DE MINAS', '', '77143753', 'gutierrezanaaidee@gmail.com', 'FEMENINO', 'ACTIVO'),
(251, 'VARGAS', 'VIRACA', 'PAOLA ', '7452725', 'INGENIERO DE MINAS', '5255095', '68340537', 'duranpabloandres@gmail.com', 'FEMENINO', 'ACTIVO'),
(252, 'VALDEZ', 'RODRIGUEZ', 'HUMBERTO ', '5732740', 'INGENIERO DE MINAS', '', '78611808', 'fernandezjulietajulieta@gmail.com', 'MASCULINO', 'ACTIVO'),
(253, 'FLORES', 'ROJAS', 'ALVARO ', '2399394', 'INGENIERO CIVIL', '5251244', '76166754', 'floresmarianapaola@gmail.com', 'MASCULINO', 'ACTIVO'),
(254, 'CLAVIJO', 'OPORTO', 'FABRICIO ALEJANDRO', '3100274', 'INGENIERO ELECTRICO', '', '76900781', 'lozagabrielagabriela@gmail.com', 'MASCULINO', 'ACTIVO'),
(255, 'BERMUDEZ', 'QUINTANILLA', 'VALERIA ', '7280455', 'INGENIERO GEOLOGO', '', '77157437', 'floresdairadaira@gmail.com', 'FEMENINO', 'ACTIVO'),
(256, 'ESCOBAR', 'CAYOJA', 'AXEL JORDY', '7403472', 'INGENIERO AMBIENTAL', '5255484', '70414093', 'torrezzumelisabel@gmail.com', 'MASCULINO', 'ACTIVO'),
(257, 'LOZA', 'CALA', 'ROSSIO MILAGROS', '7274697', 'INGENIERO DE MINAS', '', '77149499', 'anguloeunisealejandra@gmail.com', 'FEMENINO', 'ACTIVO'),
(258, 'MACHICADO', 'ARIVIRI', 'VICTOR ', '7358908', 'INGENIERO DE MINAS', '5242054', '73899071', 'rodriguezjairojoel@gmail.com', 'MASCULINO', 'ACTIVO'),
(259, 'MACHICADO', 'ARIVIRI', 'GILMA ', '7395485', 'INGENIERO DE MINAS', '5253813', '71895102', 'valentejairojaime@gmail.com', 'FEMENINO', 'ACTIVO'),
(260, 'GUTIERREZ', 'CONDORI', 'RODRIGO LUIS', '13093532', 'INGENIERO DE MINAS', '', '74113163', 'mamanifloraflora@gmail.com', 'MASCULINO', 'ACTIVO'),
(261, 'VELASCO', 'TERAN', 'OLGA ', '7272996', 'INGENIERO CIVIL', '5213106', '68331224', 'torricooscaroscar@gmail.com', 'FEMENINO', 'ACTIVO'),
(262, 'GUTIERREZ', 'MAMANI', 'JHORDAN ', '7387231', 'INGENIERO ELECTRICO', '', '72449285', 'carrascolucygladys@gmail.com', 'MASCULINO', 'ACTIVO'),
(263, 'TORREZ', 'SALAS', 'TANIA ', '5737701', 'INGENIERO DE MINAS', '', '72329907', 'villegasjuliowilfredo@gmail.com', 'FEMENINO', 'ACTIVO'),
(264, 'GUZMAN', 'CANEDO', 'GABRIELA BELEN', '12677774', 'INGENIERO CIVIL', '5248866', '72410529', 'guzmansareladriana@gmail.com', 'FEMENINO', 'ACTIVO'),
(265, 'BARDALES', 'SAAVEDRA', 'BELKA DIVANA', '7401444', 'INGENIERO ELECTRICO', '', '68304784', 'masiaselviasofia@gmail.com', 'FEMENINO', 'ACTIVO'),
(266, 'ILLANES', 'CALLEJAS', 'BRENDA NEYZA', '5734722', 'INGENIERO DE MINAS', '', '70410550', 'chiriesmeraldaesmeralda@gmail.com', 'FEMENINO', 'ACTIVO'),
(267, 'PEREZ', 'MAGNE', 'JOANA DAVID', '3524973', 'INGENIERO CIVIL', '', '72416316', 'lafuentecristopherenzo@gmail.com', 'FEMENINO', 'ACTIVO'),
(268, 'BORDA', 'PORTANDA', 'OSCAR EMMANUEL', '3092265', 'INGENIERO DE MINAS', '', '72479089', 'machicadoarielfrancisco@gmail.com', 'MASCULINO', 'ACTIVO'),
(269, 'RAMOS', 'SAAVEDRA', 'CARLOS DAVID', '7450822', 'INGENIERO DE MINAS', '', '67170524', 'yucraabrilmelania@gmail.com', 'MASCULINO', 'ACTIVO'),
(270, 'GARECA', 'ARIAS', 'JOSE LUIS', '4030424', 'INGENIERO AGRONOMO', '', '75704793', 'amurriosilviafily@gmail.com', 'MASCULINO', 'ACTIVO'),
(271, 'CALLISAYA', 'LACA', 'LUCIANA ROMINA', '2729108', 'INGENIERO DE MINAS', '', '64239063', 'chuquimiamariacarmen@gmail.com', 'FEMENINO', 'ACTIVO'),
(272, 'TARQUI', 'CH?VEZ', 'NIEVES ', '2797689', 'INGENIERO DE MINAS', '', '67273332', 'eliasosvaldomartin@gmail.com', 'FEMENINO', 'ACTIVO'),
(273, 'SALAZAR', 'BUSTOS', 'DIEGO ELIAS', '7365845', 'INGENIERO AMBIENTAL', '', '67207602', 'llanquearielovidio@gmail.com', 'MASCULINO', 'ACTIVO'),
(274, 'LOPEZ', 'CHOQUE', 'FILOMENA ', '6716787', 'INGENIERO AGRONOMO', '', '72441871', 'velasquezcarlacarla@gmail.com', 'FEMENINO', 'ACTIVO'),
(275, 'CARAL', 'COCA', 'ISEL MONICA', '7380605', 'INGENIERO CIVIL', '', '65410961', 'molloandreanajhely@gmail.com', 'FEMENINO', 'ACTIVO'),
(276, 'MIRANDA', 'QUISPE', 'JASMIN DRAYKA', '3516127', 'INGENIERO AMBIENTAL', '', '72356837', 'molloalvarovidal@gmail.com', 'FEMENINO', 'ACTIVO'),
(277, 'ROJAS', 'ALAVE', 'FABRIZIO SAYRI', '5722784', 'INGENIERO AMBIENTAL', '5240938', '71858516', 'mendozajorgejorge@gmail.com', 'MASCULINO', 'ACTIVO'),
(278, 'SANABRIA', 'LOPEZ', 'MEZALINA ROXY', '7356189', 'INGENIERO AMBIENTAL', '', '72460196', 'oroscovictorhugo@gmail.com', 'FEMENINO', 'ACTIVO'),
(279, 'LLANQUE', 'DURAN', 'ALVARO DANIEL', '7367780', 'INGENIERO AMBIENTAL', '', '73861875', 'solareselizabethberna@gmail.com', 'MASCULINO', 'ACTIVO'),
(280, 'SERRANO', 'MEJIA', 'KATHERINE DANIELA', '2613585', 'INGENIERO CIVIL', '5272204', '68363555', 'claureadrianaadriana@gmail.com', 'FEMENINO', 'ACTIVO'),
(281, 'FLORES', 'CONDORI', 'CARLA ', '7375876', 'INGENIERO ELECTRICO', '', '67265234', 'gutierrezanaaidee@gmail.com', 'FEMENINO', 'ACTIVO'),
(282, 'VEGA', 'LOPEZ', 'JAEL GLADYS', '5776757', 'INGENIERO CIVIL', '', '72320790', 'duranpabloandres@gmail.com', 'FEMENINO', 'ACTIVO'),
(283, 'FERNANDEZ', 'MAMANI', 'RODRIGO ', '5069063', 'INGENIERO DE MINAS', '5266551', '72376346', 'fernandezjulietajulieta@gmail.com', 'MASCULINO', 'ACTIVO'),
(284, 'ROBLES', 'PUMA', 'RONALD FERNANDO', '4591091', 'INGENIERO DE MINAS', '5260985', '72431902', 'floresmarianapaola@gmail.com', 'MASCULINO', 'ACTIVO'),
(285, 'TRUJILLO', 'HEREDIA', 'XIMENA MARYEL', '7350539', 'INGENIERO DE MINAS', '', '78330857', 'lozagabrielagabriela@gmail.com', 'FEMENINO', 'ACTIVO'),
(286, 'PARCO', 'SAAVEDRA', 'JHEMIMA SOFIA', '7317857', 'INGENIERO DE MINAS', '', '60409495', 'floresdairadaira@gmail.com', 'FEMENINO', 'ACTIVO'),
(287, 'CALLE', 'CHOQUE', 'GLADYS ', '2933110', 'INGENIERO CIVIL', '5241611', '72368344', 'torrezzumelisabel@gmail.com', 'FEMENINO', 'ACTIVO'),
(288, 'PEREDO', 'CAYOJA', 'DAVID DIEGO', '7359182', 'INGENIERO DE MINAS', '5232692', '68357140', 'leonromelgabriel@gmail.com', 'MASCULINO', 'ACTIVO'),
(289, 'SAUCEDO', 'MAURO', 'ANA MARIA', '3528950', 'INGENIERO AGRONOMO', '5242796', '70445937', 'anguloeunisealejandra@gmail.com', 'FEMENINO', 'ACTIVO'),
(290, 'LOPEZ', 'ALEGRE', 'WILMA YOLANDA', '7384795', 'INGENIERO GEOLOGO', '', '72334733', 'anguloeunisealejandra@gmail.com', 'FEMENINO', 'ACTIVO'),
(291, 'VILLALOBOS', 'SOCOMPI', 'ELENA ', '7385208', 'INGENIERO DE MINAS', '', '71104375', 'rodriguezjairojoel@gmail.com', 'FEMENINO', 'ACTIVO'),
(292, 'SUAZNABAR', 'TORRICO', 'VELKA KATHERINA', '5769160', 'INGENIERO DE MINAS', '', '73893171', 'valentejairojaime@gmail.com', 'FEMENINO', 'ACTIVO'),
(293, 'SALGADO', 'ARI', 'BRIGIDA MARINA', '7417534', 'INGENIERO AMBIENTAL', '', '65433889', 'mamanifloraflora@gmail.com', 'FEMENINO', 'ACTIVO'),
(294, 'AROJA', 'ALVAREZ', 'PRIMA ', '7418832', 'INGENIERO DE MINAS', '', '68374607', 'torricooscaroscar@gmail.com', 'FEMENINO', 'ACTIVO'),
(295, 'CORTEZ', 'CRUZ', 'ANDREA ', '3530392', 'INGENIERO CIVIL', '5287842', '72315325', 'carrascolucygladys@gmail.com', 'FEMENINO', 'ACTIVO'),
(296, 'ALVAREZ', 'TORREZ', 'ELVIS G.', '3112173', 'INGENIERO DE MINAS', '', '73806408', 'villegasjuliowilfredo@gmail.com', 'MASCULINO', 'ACTIVO'),
(297, 'MARTINEZ', 'JULIAN', 'LIDIA ', '3106321', 'INGENIERO AGRONOMO', '', '72495006', 'guzmansareladriana@gmail.com', 'FEMENINO', 'ACTIVO'),
(298, 'AGUILAR', 'FLORES', 'CRISTIAN EVAN', '4040974', 'INGENIERO CIVIL', '', '71183604', 'masiaselviasofia@gmail.com', 'MASCULINO', 'ACTIVO'),
(299, 'PARRILLA', 'RAMOS', 'ESTHER ', '7360569', 'INGENIERO INDUSTRIAL', '', '76137546', 'chiriesmeraldaesmeralda@gmail.com', 'FEMENINO', 'ACTIVO'),
(300, 'VELA', 'CHULVE', 'LUCIANO FABRICIO', '5748194', 'INGENIERO INDUSTRIAL', '', '72491488', 'lafuentecristopherenzo@gmail.com', 'MASCULINO', 'ACTIVO'),
(301, 'CORIA', 'GOMEZ', 'ESTHER ', '7414522', 'INGENIERO DE MINAS', '', '79400148', 'machicadoarielfrancisco@gmail.com', 'FEMENINO', 'ACTIVO'),
(302, 'GANDARILLAS', 'COLQUE', 'R/N ', '2740263', 'INGENIERO CIVIL', '', '66308808', 'yucraabrilmelania@gmail.com', 'FEMENINO', 'ACTIVO'),
(303, 'PALTO', 'ARCE', 'JHOVANA PALMIRA', '5061028', 'INGENIERO CIVIL', '', '72317468', 'amurriosilviafily@gmail.com', 'FEMENINO', 'ACTIVO'),
(304, 'ZABALA', 'AGUILAR', 'AYDE ', '4073502', 'INGENIERO CIVIL', '', '71826128', 'chuquimiamariacarmen@gmail.com', 'FEMENINO', 'ACTIVO'),
(305, 'ESCOBAR', 'FERNANDEZ', 'JIMENA ZULEMA', '4065933', 'INGENIERO CIVIL', '', '67234788', 'eliasosvaldomartin@gmail.com', 'FEMENINO', 'ACTIVO'),
(306, 'PEREZ', 'ACHA', 'LEONEL ARTURO', '7385194', 'INGENIERO CIVIL', '', '71143448', 'llanquearielovidio@gmail.com', 'MASCULINO', 'ACTIVO'),
(307, 'APAZA', 'PACHECO', 'DANITZA ', '3108934', 'INGENIERO CIVIL', '', '71852108', 'velasquezcarlacarla@gmail.com', 'FEMENINO', 'ACTIVO'),
(308, 'ORTEGA', 'TORDOYA', 'KARLA ANGELICA', '7269324', 'INGENIERO CIVIL', '5252364', '71860768', 'molloandreanajhely@gmail.com', 'FEMENINO', 'ACTIVO'),
(309, 'TIRADO', 'MENDOZA', 'JACQUELIN ', '2549125', 'INGENIERO CIVIL', '', '72339921', 'molloalvarovidal@gmail.com', 'FEMENINO', 'ACTIVO'),
(310, 'VARGAS', 'QUISPE', 'SUSANA ', '7426819', 'INGENIERO CIVIL', '5253346', '72505412', 'mendozajorgejorge@gmail.com', 'FEMENINO', 'ACTIVO'),
(311, 'CAYOJA', 'MIER', 'FRANCISCA MARTHA', '3547538', 'INGENIERO DE AGRONOMO', '', '72449318', 'oroscovictorhugo@gmail.com', 'FEMENINO', 'ACTIVO'),
(312, 'COSSIO', 'MARZA', 'MARTHA ', '7266741', 'INGENIERO GEOLOGO', '', '72393225', 'solareselizabethberna@gmail.com', 'FEMENINO', 'ACTIVO'),
(313, 'CANCHARI', 'GOMEZ', 'JAZMIN DILMA', '2684851', 'INGENIERO AGRONOMO', '5242796', '73867131', 'claureadrianaadriana@gmail.com', 'FEMENINO', 'ACTIVO'),
(314, 'MONTECINOS', 'VARGAS', 'ANABELLE ELIZABETH', '3115234', 'INGENIERO INDUSTRIAL', '', '70481038', 'gutierrezanaaidee@gmail.com', 'FEMENINO', 'ACTIVO'),
(315, 'GONZALES', 'MENDOZA', 'EUGENIA ', '2725703', 'INGENIERO ELECTRICO', '', '76142711', 'duranpabloandres@gmail.com', 'FEMENINO', 'ACTIVO'),
(316, 'CHILE', 'MAMANI', 'ESMERALDA MARCIA', '7729034', 'INGENIERO AMBIENTAL', '5240014', '71804384', 'fernandezjulietajulieta@gmail.com', 'FEMENINO', 'ACTIVO'),
(317, 'RAFAEL', 'GARCIA', 'JUAN JOSE', '2878044', 'INGENIERO DE MINAS', '', '77166057', 'floresmarianapaola@gmail.com', 'MASCULINO', 'ACTIVO'),
(318, 'JAIMES', 'GALINDO', 'BRENDA ', '603371', 'INGENIERO DE MINAS', '5285249', '68327730', 'lozagabrielagabriela@gmail.com', 'FEMENINO', 'ACTIVO'),
(319, 'BENITEZ', 'ARANDIA', 'JORGE RAFAEL', '4022352', 'INGENIERO DE MINAS', '', '72489403', 'floresdairadaira@gmail.com', 'MASCULINO', 'ACTIVO'),
(320, 'CONDO', 'DIAZ', 'JHON', '7376374', 'INGENIERO DE MINAS', '', '72358467', 'jhon.99.diaz@gmail.com', 'MASCULINO', 'ACTIVO'),
(321, 'POSTGRADO', 'POSTGRADO', 'UTO', '123456789', 'EDUCACI?N SUPERIOR', '5242215', '(+591) 2 - 52 75798', 'contacto@dpicuto.edu.bo', 'MASCULINO', 'ACTIVO');

-- --------------------------------------------------------

--
-- Estructura de tabla para la tabla `programa`
--

CREATE TABLE `programa` (
  `idprograma` int(11) NOT NULL,
  `nombre` varchar(255) NOT NULL,
  `version` varchar(45) NOT NULL,
  `estado` varchar(45) NOT NULL DEFAULT 'ACTIVO',
  `costo` int(11) DEFAULT NULL,
  `subirarchivo` tinyint(1) NOT NULL DEFAULT '1'
) ENGINE=InnoDB DEFAULT CHARSET=latin1;

--
-- Volcado de datos para la tabla `programa`
--

INSERT INTO `programa` (`idprograma`, `nombre`, `version`, `estado`, `costo`, `subirarchivo`) VALUES
(1, 'DIPLOMADO EN ASISTENCIA TÉCNICA INTEGRAL ( ATI ) Y DESARROLLO COMUNITARIO DESCOM', '5', 'ACTIVO', 4500, 1),
(2, 'MAESTRIA EN INGENIERÍA HIDROLÓGICA E HIDRAULICA', '6', 'ACTIVO', 20000, 1),
(3, 'DOCTORADO EN CIENCIAS EMPRESARIALES', '2', 'ACTIVO', 35000, 1),
(4, 'DIPLOMADO GESTION AMBIENTAL', '16', 'ACTIVO', 4000, 1),
(5, 'MAESTRIA EN CIENCIAS - MENCION EN EXPLORACIONES Y APROVECHAMIENTO MINERO', '4', 'ACTIVO', 21000, 1),
(6, 'MAESTRIA EN GEOTECNIA E INGENIERIA DE CIMENTACIONES', '3', 'ACTIVO', 21500, 1);

-- --------------------------------------------------------

--
-- Estructura de tabla para la tabla `rol`
--

CREATE TABLE `rol` (
  `idrol` int(11) NOT NULL,
  `nombre` varchar(45) NOT NULL
) ENGINE=InnoDB DEFAULT CHARSET=latin1;

--
-- Volcado de datos para la tabla `rol`
--

INSERT INTO `rol` (`idrol`, `nombre`) VALUES
(1, 'ADMINSTRADOR'),
(2, 'ESTUDIANTE'),
(3, 'DOCENTE');

-- --------------------------------------------------------

--
-- Estructura de tabla para la tabla `tipopago`
--

CREATE TABLE `tipopago` (
  `idtipopago` int(11) NOT NULL,
  `nombre` varchar(45) NOT NULL,
  `monto` float NOT NULL,
  `fecha_actualizacion` datetime NOT NULL DEFAULT CURRENT_TIMESTAMP,
  `idprograma` int(11) NOT NULL
) ENGINE=InnoDB DEFAULT CHARSET=latin1;

--
-- Volcado de datos para la tabla `tipopago`
--

INSERT INTO `tipopago` (`idtipopago`, `nombre`, `monto`, `fecha_actualizacion`, `idprograma`) VALUES
(1, 'MATRICULA', 2100, '0000-00-00 00:00:00', 1),
(2, 'CUOTA 1', 600, '0000-00-00 00:00:00', 1),
(3, 'CUOTA 2', 600, '0000-00-00 00:00:00', 1),
(4, 'CUOTA 3', 600, '0000-00-00 00:00:00', 1),
(5, 'CUOTA 4', 600, '0000-00-00 00:00:00', 1),
(6, 'MATRICULA', 1250, '0000-00-00 00:00:00', 2),
(7, 'CUOTA 1', 1250, '0000-00-00 00:00:00', 2),
(8, 'CUOTA 2', 1250, '0000-00-00 00:00:00', 2),
(9, 'CUOTA 3', 1250, '0000-00-00 00:00:00', 2),
(10, 'CUOTA 4', 1250, '0000-00-00 00:00:00', 2),
(11, 'CUOTA 5', 1250, '0000-00-00 00:00:00', 2),
(12, 'CUOTA 6', 1250, '0000-00-00 00:00:00', 2),
(13, 'CUOTA 7', 1250, '0000-00-00 00:00:00', 2),
(14, 'CUOTA 8', 1250, '0000-00-00 00:00:00', 2),
(15, 'CUOTA 9', 1250, '0000-00-00 00:00:00', 2),
(16, 'CUOTA 10', 1250, '0000-00-00 00:00:00', 2),
(17, 'CUOTA 11', 1250, '0000-00-00 00:00:00', 2),
(18, 'CUOTA 12', 1250, '0000-00-00 00:00:00', 2),
(19, 'CUOTA 13', 1250, '0000-00-00 00:00:00', 2),
(20, 'CUOTA 14', 1250, '0000-00-00 00:00:00', 2),
(21, 'CUOTA 15', 1250, '0000-00-00 00:00:00', 2),
(22, 'MATRICULA', 3500, '0000-00-00 00:00:00', 3),
(23, 'CUOTA 1', 2250, '0000-00-00 00:00:00', 3),
(24, 'CUOTA 2', 2250, '0000-00-00 00:00:00', 3),
(25, 'CUOTA 3', 2250, '0000-00-00 00:00:00', 3),
(26, 'CUOTA 4', 2250, '0000-00-00 00:00:00', 3),
(27, 'CUOTA 5', 2250, '0000-00-00 00:00:00', 3),
(28, 'CUOTA 6', 2250, '0000-00-00 00:00:00', 3),
(29, 'CUOTA 7', 2250, '0000-00-00 00:00:00', 3),
(30, 'CUOTA 8', 2250, '0000-00-00 00:00:00', 3),
(31, 'CUOTA 9', 2250, '0000-00-00 00:00:00', 3),
(32, 'CUOTA 10', 2250, '0000-00-00 00:00:00', 3),
(33, 'CUOTA 11', 2250, '0000-00-00 00:00:00', 3),
(34, 'CUOTA 12', 2250, '0000-00-00 00:00:00', 3),
(35, 'CUOTA 13', 2250, '0000-00-00 00:00:00', 3),
(36, 'CUOTA 14', 2250, '0000-00-00 00:00:00', 3),
(37, 'MATRICULA', 1600, '0000-00-00 00:00:00', 4),
(38, 'CUOTA 1', 600, '0000-00-00 00:00:00', 4),
(39, 'CUOTA 2', 600, '0000-00-00 00:00:00', 4),
(40, 'CUOTA 3', 600, '0000-00-00 00:00:00', 4),
(41, 'CUOTA 4', 600, '0000-00-00 00:00:00', 4),
(42, 'MATRICULA', 2250, '0000-00-00 00:00:00', 5),
(43, 'CUOTA 1', 1250, '0000-00-00 00:00:00', 5),
(44, 'CUOTA 2', 1250, '0000-00-00 00:00:00', 5),
(45, 'CUOTA 3', 1250, '0000-00-00 00:00:00', 5),
(46, 'CUOTA 4', 1250, '0000-00-00 00:00:00', 5),
(47, 'CUOTA 5', 1250, '0000-00-00 00:00:00', 5),
(48, 'CUOTA 6', 1250, '0000-00-00 00:00:00', 5),
(49, 'CUOTA 7', 1250, '0000-00-00 00:00:00', 5),
(50, 'CUOTA 8', 1250, '0000-00-00 00:00:00', 5),
(51, 'CUOTA 9', 1250, '0000-00-00 00:00:00', 5),
(52, 'CUOTA 10', 1250, '0000-00-00 00:00:00', 5),
(53, 'CUOTA 11', 1250, '0000-00-00 00:00:00', 5),
(54, 'CUOTA 12', 1250, '0000-00-00 00:00:00', 5),
(55, 'CUOTA 13', 1250, '0000-00-00 00:00:00', 5),
(56, 'CUOTA 14', 1250, '0000-00-00 00:00:00', 5),
(57, 'CUOTA 15', 1250, '0000-00-00 00:00:00', 5),
(58, 'MATRICULA', 2750, '0000-00-00 00:00:00', 6),
(59, 'CUOTA 1', 1250, '0000-00-00 00:00:00', 6),
(60, 'CUOTA 2', 1250, '0000-00-00 00:00:00', 6),
(61, 'CUOTA 3', 1250, '0000-00-00 00:00:00', 6),
(62, 'CUOTA 4', 1250, '0000-00-00 00:00:00', 6),
(63, 'CUOTA 5', 1250, '0000-00-00 00:00:00', 6),
(64, 'CUOTA 6', 1250, '0000-00-00 00:00:00', 6),
(65, 'CUOTA 7', 1250, '0000-00-00 00:00:00', 6),
(66, 'CUOTA 8', 1250, '0000-00-00 00:00:00', 6),
(67, 'CUOTA 9', 1250, '0000-00-00 00:00:00', 6),
(68, 'CUOTA 10', 1250, '0000-00-00 00:00:00', 6),
(69, 'CUOTA 11', 1250, '0000-00-00 00:00:00', 6),
(70, 'CUOTA 12', 1250, '0000-00-00 00:00:00', 6),
(71, 'CUOTA 13', 1250, '0000-00-00 00:00:00', 6),
(72, 'CUOTA 14', 1250, '0000-00-00 00:00:00', 6),
(73, 'CUOTA 15', 1250, '0000-00-00 00:00:00', 6);

-- --------------------------------------------------------

--
-- Estructura de tabla para la tabla `tramite`
--

CREATE TABLE `tramite` (
  `idtramite` int(11) NOT NULL,
  `nombre` varchar(150) NOT NULL
) ENGINE=InnoDB DEFAULT CHARSET=latin1;

--
-- Volcado de datos para la tabla `tramite`
--

INSERT INTO `tramite` (`idtramite`, `nombre`) VALUES
(1, 'Certificado de calificaciones'),
(2, 'Historial academico'),
(3, 'Acta de trabajo monografico'),
(4, 'Titulo de monografia'),
(5, 'Calificación de la monografia de grado'),
(6, 'Certificado Med. Magnetico');

-- --------------------------------------------------------

--
-- Estructura de tabla para la tabla `usuario`
--

CREATE TABLE `usuario` (
  `idusuario` int(11) NOT NULL,
  `nombre` varchar(45) NOT NULL,
  `clave` varchar(32) NOT NULL,
  `estado` varchar(45) NOT NULL DEFAULT 'ACTIVO',
  `idrol` int(11) NOT NULL,
  `idpersona` int(11) NOT NULL
) ENGINE=InnoDB DEFAULT CHARSET=latin1;

--
-- Volcado de datos para la tabla `usuario`
--

INSERT INTO `usuario` (`idusuario`, `nombre`, `clave`, `estado`, `idrol`, `idpersona`) VALUES
(1, 'ARCE', '3111513', 'ACTIVO', 2, 1),
(2, 'CONDORI', '3535476', 'ACTIVO', 2, 2),
(3, 'ARGANDO?A', '5901971', 'ACTIVO', 2, 3),
(4, 'RENJEL', '692266', 'ACTIVO', 2, 4),
(5, 'VEIZAN', '3549559', 'ACTIVO', 2, 5),
(6, 'SANCHEZ', '4048153', 'ACTIVO', 2, 6),
(7, 'VELASQUEZ', '4330030', 'ACTIVO', 2, 7),
(8, 'VIRACOCHEA', '2770240', 'ACTIVO', 2, 8),
(9, 'QUISPE', '2902170', 'ACTIVO', 2, 9),
(10, 'MONTALVO', '6157882', 'ACTIVO', 2, 10),
(11, 'MENDIZABAL', '3546128', 'ACTIVO', 2, 11),
(12, 'CHOQUE', '5764641', 'ACTIVO', 2, 12),
(13, 'MAMANI', '2757772', 'ACTIVO', 2, 13),
(14, 'CONDE', '2723988', 'ACTIVO', 2, 14),
(15, 'BAZAN', '5687604', 'ACTIVO', 2, 15),
(16, 'VILLCA', '2797273', 'ACTIVO', 2, 16),
(17, 'FERNANDEZ', '6105004', 'ACTIVO', 2, 17),
(18, 'GOMEZ', '6561432', 'ACTIVO', 2, 18),
(19, 'DIAZ', '7290170', 'ACTIVO', 2, 19),
(20, 'GERONIMO', '3429572', 'ACTIVO', 2, 20),
(21, 'CAPIA', '6638903', 'ACTIVO', 2, 21),
(22, 'HUANCA', '5016276', 'ACTIVO', 2, 22),
(23, 'MORALES', '7368790', 'ACTIVO', 2, 23),
(24, 'LEON', '7382462', 'ACTIVO', 2, 24),
(25, 'GUTIERREZ', '5735973', 'ACTIVO', 2, 25),
(26, 'CHIRILLA', '3527956', 'ACTIVO', 2, 26),
(27, 'VILLAN', '5061952', 'ACTIVO', 2, 27),
(28, 'MAIN', '5068982', 'ACTIVO', 2, 28),
(29, 'QUISPE', '3506852', 'ACTIVO', 2, 29),
(30, 'VILLAZON', '2310613', 'ACTIVO', 2, 30),
(31, 'CONDORETI', '3773384', 'ACTIVO', 2, 31),
(32, 'RODRIGUEZ', '2791936', 'ACTIVO', 2, 32),
(33, 'ACHATA', '7314740', 'ACTIVO', 2, 33),
(34, 'LUNA', '3064031', 'ACTIVO', 2, 34),
(35, 'ROMAN', '5063309', 'ACTIVO', 2, 35),
(36, 'MAMANI', '5082781', 'ACTIVO', 2, 36),
(37, 'MERCADO', '7286902', 'ACTIVO', 2, 37),
(38, 'YORGOS', '5394461', 'ACTIVO', 2, 38),
(39, 'RIVA', '6587494', 'ACTIVO', 2, 39),
(40, 'CASTELLON', '7356044', 'ACTIVO', 2, 40),
(41, 'CHOQUE', '7415595', 'ACTIVO', 2, 41),
(42, 'COLQUE', '7418832', 'ACTIVO', 2, 42),
(43, 'ESCOBAR', '5644782', 'ACTIVO', 2, 43),
(44, 'OMOYA', '7323630', 'ACTIVO', 2, 44),
(45, 'CORDOVA', '3973653', 'ACTIVO', 2, 45),
(46, 'DALENZ', '7404813', 'ACTIVO', 2, 46),
(47, 'GUTIERREZ', '3533357', 'ACTIVO', 2, 47),
(48, 'FLORES', '8012906', 'ACTIVO', 2, 48),
(49, 'RASGUIDO', '3099456', 'ACTIVO', 2, 49),
(50, 'CALDERON', '3668422', 'ACTIVO', 2, 50),
(51, 'COSSIO', '9864816', 'ACTIVO', 2, 51),
(52, 'COLQUE', '5778970', 'ACTIVO', 2, 52),
(53, 'MOLLO', '7404792', 'ACTIVO', 2, 53),
(54, 'GARCIA', '3530072', 'ACTIVO', 2, 54),
(55, 'MORALES', '3546030', 'ACTIVO', 2, 55),
(56, 'MACHICADO', '2541575', 'ACTIVO', 2, 56),
(57, 'BELTRAN', '6458479', 'ACTIVO', 2, 57),
(58, 'RUIZ', '2722047', 'ACTIVO', 2, 58),
(59, 'MOLINA', '5759016', 'ACTIVO', 2, 59),
(60, 'FLORES', '7362468', 'ACTIVO', 2, 60),
(61, 'MAMANI', '7318601', 'ACTIVO', 2, 61),
(62, 'LIMA', '7451800', 'ACTIVO', 2, 62),
(63, 'MIGUEZ', '6265579', 'ACTIVO', 2, 63),
(64, 'MENESES', '7375891', 'ACTIVO', 2, 64),
(65, 'VARGAS', '6713723', 'ACTIVO', 2, 65),
(66, 'MENDOZA', '3068738', 'ACTIVO', 2, 66),
(67, 'ALCONCE', '5728107', 'ACTIVO', 2, 67),
(68, 'LARA', '3113860', 'ACTIVO', 2, 68),
(69, 'NU?EZ', '7293408', 'ACTIVO', 2, 69),
(70, 'CANAVIRI', '3613138', 'ACTIVO', 2, 70),
(71, 'ARANCIBIA', '7451406', 'ACTIVO', 2, 71),
(72, 'GONZALES', '7279198', 'ACTIVO', 2, 72),
(73, 'FRANCO', '3097816', 'ACTIVO', 2, 73),
(74, 'QUISPE', '7281313', 'ACTIVO', 2, 74),
(75, 'BOLA?OS', '5726323', 'ACTIVO', 2, 75),
(76, 'CHOQUE', '4035173', 'ACTIVO', 2, 76),
(77, 'HUARACHI', '3049491', 'ACTIVO', 2, 77),
(78, 'SANTOS', '4023285', 'ACTIVO', 2, 78),
(79, 'SOTO', '2729521', 'ACTIVO', 2, 79),
(80, 'DIAZ', '7282657', 'ACTIVO', 2, 80),
(81, 'PEREZ', '5777195', 'ACTIVO', 2, 81),
(82, 'MORALES', '5907736', 'ACTIVO', 2, 82),
(83, 'MORALES', '7404500', 'ACTIVO', 2, 83),
(84, 'LOPEZ', '7361504', 'ACTIVO', 2, 84),
(85, 'CRUZ', '7316053', 'ACTIVO', 2, 85),
(86, 'CHOQUE', '7403754', 'ACTIVO', 2, 86),
(87, 'CRUZ', '7358943', 'ACTIVO', 2, 87),
(88, 'IQUIZE', '4659080', 'ACTIVO', 2, 88),
(89, 'CALLE', '7358942', 'ACTIVO', 2, 89),
(90, 'LIMACHI', '7321142', 'ACTIVO', 2, 90),
(91, 'PERLA', '4756572', 'ACTIVO', 2, 91),
(92, 'SOLIZ', '4054391', 'ACTIVO', 2, 92),
(93, 'FERNANDEZ', '7391212', 'ACTIVO', 2, 93),
(94, 'ARROYO', '5735958', 'ACTIVO', 2, 94),
(95, 'ORDO?EZ', '7267855', 'ACTIVO', 2, 95),
(96, 'VALDEZ', '7404020', 'ACTIVO', 2, 96),
(97, 'MARE?O', '3512602', 'ACTIVO', 2, 97),
(98, 'RIVERO', '7414117', 'ACTIVO', 2, 98),
(99, 'ZUBIETA', '7354472', 'ACTIVO', 2, 99),
(100, 'GUZMAN', '5741574', 'ACTIVO', 2, 100),
(101, 'DOCKAR', '7351491', 'ACTIVO', 2, 101),
(102, 'CABRERA', '6266269', 'ACTIVO', 2, 102),
(103, 'MEZA', '3069473', 'ACTIVO', 2, 103),
(104, 'RAMIREZ', '7403995', 'ACTIVO', 2, 104),
(105, 'AYAVIRI', '7384944', 'ACTIVO', 2, 105),
(106, 'AYAVIRI', '7326018', 'ACTIVO', 2, 106),
(107, 'ORTIZ', '2740807', 'ACTIVO', 2, 107),
(108, 'FLORES', '2519529', 'ACTIVO', 2, 108),
(109, 'PACHECO', '12709191', 'ACTIVO', 2, 109),
(110, 'GONZALES', '5726388', 'ACTIVO', 2, 110),
(111, 'HERRERA', '3547490', 'ACTIVO', 2, 111),
(112, 'LLANQUE', '7404489', 'ACTIVO', 2, 112),
(113, 'VIZA', '3051624', 'ACTIVO', 2, 113),
(114, 'LOAYZA', '7370738', 'ACTIVO', 2, 114),
(115, 'POL', '7421515', 'ACTIVO', 2, 115),
(116, 'CONDE', '3124867', 'ACTIVO', 2, 116),
(117, 'ESPINOZA', '7323650', 'ACTIVO', 2, 117),
(118, 'CONDORI', '7318081', 'ACTIVO', 2, 118),
(119, 'ALBAN', '3536188', 'ACTIVO', 2, 119),
(120, 'RAMOS', '2965211', 'ACTIVO', 2, 120),
(121, 'CACHAMBI', '5746871', 'ACTIVO', 2, 121),
(122, 'RODRIGUEZ', '7450477', 'ACTIVO', 2, 122),
(123, 'VALDEZ', '7120452', 'ACTIVO', 2, 123),
(124, 'CHOQUE', '2878044', 'ACTIVO', 2, 124),
(125, 'GUZMAN', '3523793', 'ACTIVO', 2, 125),
(126, 'GONZALES', '7298233', 'ACTIVO', 2, 126),
(127, 'HUANCA', '7404495', 'ACTIVO', 2, 127),
(128, 'NINA', '7373391', 'ACTIVO', 2, 128),
(129, 'RIOJA', '7312207', 'ACTIVO', 2, 129),
(130, 'PARCO', '2677963', 'ACTIVO', 2, 130),
(131, 'AZE?AS', '6132477', 'ACTIVO', 2, 131),
(132, 'JIMENEZ', '7380567', 'ACTIVO', 2, 132),
(133, 'SORIA', '7387545', 'ACTIVO', 2, 133),
(134, 'MAMANI', '5759545', 'ACTIVO', 2, 134),
(135, 'RODRIGUEZ', '7369642', 'ACTIVO', 2, 135),
(136, 'ARCE', '2793923', 'ACTIVO', 2, 136),
(137, 'GONZALES', '7402358', 'ACTIVO', 2, 137),
(138, 'CHOQUE', '3108087', 'ACTIVO', 2, 138),
(139, 'ALVAREZ', '7279027', 'ACTIVO', 2, 139),
(140, 'BUENO', '7858888', 'ACTIVO', 2, 140),
(141, 'MAGNE', '7381587', 'ACTIVO', 2, 141),
(142, 'ANAGUA', '2729233', 'ACTIVO', 2, 142),
(143, 'JORGE', '7380588', 'ACTIVO', 2, 143),
(144, 'QUENA', '4054817', 'ACTIVO', 2, 144),
(145, 'MARTINEZ', '3108021', 'ACTIVO', 2, 145),
(146, 'COLQUE', '6590526', 'ACTIVO', 2, 146),
(147, 'GUZMAN', '2737371', 'ACTIVO', 2, 147),
(148, 'QUIROZ', '3072194', 'ACTIVO', 2, 148),
(149, 'CHOQUE', '3618584', 'ACTIVO', 2, 149),
(150, 'VILLEGAS', '2513156', 'ACTIVO', 2, 150),
(151, 'HINOJOSA', '2767026', 'ACTIVO', 2, 151),
(152, 'IRIARTE', '2726453', 'ACTIVO', 2, 152),
(153, 'OLMOS', '3103868', 'ACTIVO', 2, 153),
(154, 'VILLARROEL', '5764687', 'ACTIVO', 2, 154),
(155, 'SEVERICH', '5385512', 'ACTIVO', 2, 155),
(156, 'VELASCO', '3503489', 'ACTIVO', 2, 156),
(157, 'VELASCO', '6248790', 'ACTIVO', 2, 157),
(158, 'SANTOS', '1178387', 'ACTIVO', 2, 158),
(159, 'MAMANI', '6666312', 'ACTIVO', 2, 159),
(160, 'SUAZNABAR', '6649344', 'ACTIVO', 2, 160),
(161, 'SALVATIERRA', '6993229', 'ACTIVO', 2, 161),
(162, 'GONZALES', '4488132', 'ACTIVO', 2, 162),
(163, 'AGUILAR', '5563660', 'ACTIVO', 2, 163),
(164, 'AJHUACHO', '7376740', 'ACTIVO', 2, 164),
(165, 'VARGAS', '4079927', 'ACTIVO', 2, 165),
(166, 'CORDOVA', '5209705', 'ACTIVO', 2, 166),
(167, 'ALANEZ', '6965952', 'ACTIVO', 2, 167),
(168, 'LACA', '7346023', 'ACTIVO', 2, 168),
(169, 'VELASCO', '3221612', 'ACTIVO', 2, 169),
(170, 'MEDINA', '7291454', 'ACTIVO', 2, 170),
(171, 'CUTIPA', '5749112', 'ACTIVO', 2, 171),
(172, 'LIMA', '7329954', 'ACTIVO', 2, 172),
(173, 'GUTIERREZ', '6615962', 'ACTIVO', 2, 173),
(174, 'ARROYO', '2763771', 'ACTIVO', 2, 174),
(175, 'CRUZ', '5776161', 'ACTIVO', 2, 175),
(176, 'LUCAS', '3107425', 'ACTIVO', 2, 176),
(177, 'MERCADO', '6939413', 'ACTIVO', 2, 177),
(178, 'MONTA?O', '5746373', 'ACTIVO', 2, 178),
(179, 'TORRICO', '2723188', 'ACTIVO', 2, 179),
(180, 'ESCALANTE', '3559102', 'ACTIVO', 2, 180),
(181, 'URQUIOLA', '3045464', 'ACTIVO', 2, 181),
(182, 'MENDOZA', '6331653', 'ACTIVO', 2, 182),
(183, 'MENDOZA', '6326664', 'ACTIVO', 2, 183),
(184, 'MORALES', '5345208', 'ACTIVO', 2, 184),
(185, 'LOPEZ', '6153936', 'ACTIVO', 2, 185),
(186, 'GRANADINO', '2762634', 'ACTIVO', 2, 186),
(187, 'LOPEZ', '7329098', 'ACTIVO', 2, 187),
(188, 'ORDO?EZ', '2779696', 'ACTIVO', 2, 188),
(189, 'CHOQUE', '3502169', 'ACTIVO', 2, 189),
(190, 'VEGA', '2757527', 'ACTIVO', 2, 190),
(191, 'NINA', '3098358', 'ACTIVO', 2, 191),
(192, 'MACHACA', '7369982', 'ACTIVO', 2, 192),
(193, 'ALEJO', '3557430', 'ACTIVO', 2, 193),
(194, 'MACHACA', '3523382', 'ACTIVO', 2, 194),
(195, 'ARIAS', '7358953', 'ACTIVO', 2, 195),
(196, 'CONDORI', '5235210', 'ACTIVO', 2, 196),
(197, 'RIOJA', '5727091', 'ACTIVO', 2, 197),
(198, 'GUTIERREZ', '7277626', 'ACTIVO', 2, 198),
(199, 'HANNOVER', '5727090', 'ACTIVO', 2, 199),
(200, 'ARROYO', '7306016', 'ACTIVO', 2, 200),
(201, 'ORTIZ', '2291037', 'ACTIVO', 2, 201),
(202, 'MENDOZA', '7404009', 'ACTIVO', 2, 202),
(203, 'OVANDO', '7277256', 'ACTIVO', 2, 203),
(204, 'VILLARROEL', '5774033', 'ACTIVO', 2, 204),
(205, 'VELASQUEZ', '7281940', 'ACTIVO', 2, 205),
(206, 'RODRIGUEZ', '2736760', 'ACTIVO', 2, 206),
(207, 'TINUCO', '7326980', 'ACTIVO', 2, 207),
(208, 'ALIAGA', '3515284', 'ACTIVO', 2, 208),
(209, 'HUANCA', '7287985', 'ACTIVO', 2, 209),
(210, 'APAZA', '3089613', 'ACTIVO', 2, 210),
(211, 'CHOQUECHAMBI', '3064907', 'ACTIVO', 2, 211),
(212, 'BIRBUETHG', '7398876', 'ACTIVO', 2, 212),
(213, 'CALLE', '7336231', 'ACTIVO', 2, 213),
(214, 'AYAVIRI', '7321020', 'ACTIVO', 2, 214),
(215, 'SANDY', '7319582', 'ACTIVO', 2, 215),
(216, 'ARO', '3053047', 'ACTIVO', 2, 216),
(217, 'GUTIERREZ', '7351187', 'ACTIVO', 2, 217),
(218, 'MENESES', '7317000', 'ACTIVO', 2, 218),
(219, 'VILLANUEVA', '12716999', 'ACTIVO', 2, 219),
(220, 'ROQUE', '7399355', 'ACTIVO', 2, 220),
(221, 'MELEAN', '7266508', 'ACTIVO', 2, 221),
(222, 'AVIZA', '4074041', 'ACTIVO', 2, 222),
(223, 'TICONA', '3075192', 'ACTIVO', 2, 223),
(224, 'MACHICADO', '7254547', 'ACTIVO', 2, 224),
(225, 'CORDOVA', '7348082', 'ACTIVO', 2, 225),
(226, 'TICACALA', '7272441', 'ACTIVO', 2, 226),
(227, 'CASTILLO', '4143992', 'ACTIVO', 2, 227),
(228, 'TORRICOS', '2789177', 'ACTIVO', 2, 228),
(229, 'SAN', '3529997', 'ACTIVO', 2, 229),
(230, 'BILBAO', '2728919', 'ACTIVO', 2, 230),
(231, 'LIMA', '4061615', 'ACTIVO', 2, 231),
(232, 'VARGAS', '5758112', 'ACTIVO', 2, 232),
(233, 'HUALLATA', '7303271', 'ACTIVO', 2, 233),
(234, 'FLORES', '7354601', 'ACTIVO', 2, 234),
(235, 'FELIPEZ', '7401556', 'ACTIVO', 2, 235),
(236, 'FLORES', '7348465', 'ACTIVO', 2, 236),
(237, 'RIVAS', '7403706', 'ACTIVO', 2, 237),
(238, 'JORGE', '7318082', 'ACTIVO', 2, 238),
(239, 'SALAZAR', '5731604', 'ACTIVO', 2, 239),
(240, 'BETANCUR', '7309706', 'ACTIVO', 2, 240),
(241, 'PEREZ', '7410033', 'ACTIVO', 2, 241),
(242, 'AYMA', '3858016', 'ACTIVO', 2, 242),
(243, 'SOTO', '3505867', 'ACTIVO', 2, 243),
(244, 'CHAVEZ', '5742296', 'ACTIVO', 2, 244),
(245, 'SUAREZ', '7363050', 'ACTIVO', 2, 245),
(246, 'CHOQUE', '7324080', 'ACTIVO', 2, 246),
(247, 'PRADO', '2997402', 'ACTIVO', 2, 247),
(248, 'VACA', '7312944', 'ACTIVO', 2, 248),
(249, 'VARGAS', '5727007', 'ACTIVO', 2, 249),
(250, 'SALVATIERRA', '1616158', 'ACTIVO', 2, 250),
(251, 'VARGAS', '7452725', 'ACTIVO', 3, 251),
(252, 'VALDEZ', '5732740', 'ACTIVO', 3, 252),
(253, 'FLORES', '2399394', 'ACTIVO', 3, 253),
(254, 'CLAVIJO', '3100274', 'ACTIVO', 3, 254),
(255, 'BERMUDEZ', '7280455', 'ACTIVO', 3, 255),
(256, 'ESCOBAR', '7403472', 'ACTIVO', 3, 256),
(257, 'LOZA', '7274697', 'ACTIVO', 3, 257),
(258, 'MACHICADO', '7358908', 'ACTIVO', 3, 258),
(259, 'MACHICADO', '7395485', 'ACTIVO', 3, 259),
(260, 'GUTIERREZ', '13093532', 'ACTIVO', 3, 260),
(261, 'VELASCO', '7272996', 'ACTIVO', 3, 261),
(262, 'GUTIERREZ', '7387231', 'ACTIVO', 3, 262),
(263, 'TORREZ', '5737701', 'ACTIVO', 3, 263),
(264, 'GUZMAN', '12677774', 'ACTIVO', 3, 264),
(265, 'BARDALES', '7401444', 'ACTIVO', 3, 265),
(266, 'ILLANES', '5734722', 'ACTIVO', 3, 266),
(267, 'PEREZ', '3524973', 'ACTIVO', 3, 267),
(268, 'BORDA', '3092265', 'ACTIVO', 3, 268),
(269, 'RAMOS', '7450822', 'ACTIVO', 3, 269),
(270, 'GARECA', '4030424', 'ACTIVO', 3, 270),
(271, 'CALLISAYA', '2729108', 'ACTIVO', 3, 271),
(272, 'TARQUI', '2797689', 'ACTIVO', 3, 272),
(273, 'SALAZAR', '7365845', 'ACTIVO', 3, 273),
(274, 'LOPEZ', '6716787', 'ACTIVO', 3, 274),
(275, 'CARAL', '7380605', 'ACTIVO', 3, 275),
(276, 'MIRANDA', '3516127', 'ACTIVO', 3, 276),
(277, 'ROJAS', '5722784', 'ACTIVO', 3, 277),
(278, 'SANABRIA', '7356189', 'ACTIVO', 3, 278),
(279, 'LLANQUE', '7367780', 'ACTIVO', 3, 279),
(280, 'SERRANO', '2613585', 'ACTIVO', 3, 280),
(281, 'FLORES', '7375876', 'ACTIVO', 3, 281),
(282, 'VEGA', '5776757', 'ACTIVO', 3, 282),
(283, 'FERNANDEZ', '5069063', 'ACTIVO', 3, 283),
(284, 'ROBLES', '4591091', 'ACTIVO', 3, 284),
(285, 'TRUJILLO', '7350539', 'ACTIVO', 3, 285),
(286, 'PARCO', '7317857', 'ACTIVO', 3, 286),
(287, 'CALLE', '2933110', 'ACTIVO', 3, 287),
(288, 'PEREDO', '7359182', 'ACTIVO', 3, 288),
(289, 'SAUCEDO', '3528950', 'ACTIVO', 3, 289),
(290, 'LOPEZ', '7384795', 'ACTIVO', 3, 290),
(291, 'VILLALOBOS', '7385208', 'ACTIVO', 3, 291),
(292, 'SUAZNABAR', '5769160', 'ACTIVO', 3, 292),
(293, 'SALGADO', '7417534', 'ACTIVO', 3, 293),
(294, 'AROJA', '7418832', 'ACTIVO', 3, 294),
(295, 'CORTEZ', '3530392', 'ACTIVO', 3, 295),
(296, 'ALVAREZ', '3112173', 'ACTIVO', 3, 296),
(297, 'MARTINEZ', '3106321', 'ACTIVO', 3, 297),
(298, 'AGUILAR', '4040974', 'ACTIVO', 3, 298),
(299, 'PARRILLA', '7360569', 'ACTIVO', 3, 299),
(300, 'VELA', '5748194', 'ACTIVO', 3, 300),
(301, 'CORIA', '7414522', 'ACTIVO', 3, 301),
(302, 'GANDARILLAS', '2740263', 'ACTIVO', 3, 302),
(303, 'PALTO', '5061028', 'ACTIVO', 3, 303),
(304, 'ZABALA', '4073502', 'ACTIVO', 3, 304),
(305, 'ESCOBAR', '4065933', 'ACTIVO', 3, 305),
(306, 'PEREZ', '7385194', 'ACTIVO', 3, 306),
(307, 'APAZA', '3108934', 'ACTIVO', 3, 307),
(308, 'ORTEGA', '7269324', 'ACTIVO', 3, 308),
(309, 'TIRADO', '2549125', 'ACTIVO', 3, 309),
(310, 'VARGAS', '7426819', 'ACTIVO', 3, 310),
(311, 'CAYOJA', '3547538', 'ACTIVO', 3, 311),
(312, 'COSSIO', '7266741', 'ACTIVO', 3, 312),
(313, 'CANCHARI', '2684851', 'ACTIVO', 3, 313),
(314, 'MONTECINOS', '3115234', 'ACTIVO', 3, 314),
(315, 'GONZALES', '2725703', 'ACTIVO', 3, 315),
(316, 'CHILE', '7729034', 'ACTIVO', 3, 316),
(317, 'RAFAEL', '2878044', 'ACTIVO', 3, 317),
(318, 'JAIMES', '603371', 'ACTIVO', 3, 318),
(319, 'BENITEZ', '4022352', 'ACTIVO', 3, 319),
(320, 'CONDO', '7376374', 'ACTIVO', 3, 320),
(321, 'postgradouto', 'c0aaf9ca1b5940b03aef3a26f562119d', 'ACTIVO', 1, 321);

--
-- Índices para tablas volcadas
--

--
-- Indices de la tabla `docente`
--
ALTER TABLE `docente`
  ADD PRIMARY KEY (`idpersona`),
  ADD KEY `idpersona` (`idpersona`);

--
-- Indices de la tabla `documento`
--
ALTER TABLE `documento`
  ADD PRIMARY KEY (`iddocumento`);

--
-- Indices de la tabla `documentoarchivo`
--
ALTER TABLE `documentoarchivo`
  ADD PRIMARY KEY (`iddocumentoarchivo`),
  ADD KEY `idprograma` (`idprograma`),
  ADD KEY `idestudiante` (`idestudiante`);

--
-- Indices de la tabla `estudiante`
--
ALTER TABLE `estudiante`
  ADD PRIMARY KEY (`idestudiante`),
  ADD KEY `idpersona` (`idpersona`);

--
-- Indices de la tabla `estudiantedocumento`
--
ALTER TABLE `estudiantedocumento`
  ADD PRIMARY KEY (`iddocumento`,`idestudiante`,`idprograma`),
  ADD KEY `idestudiante` (`idestudiante`),
  ADD KEY `iddocumento` (`iddocumento`),
  ADD KEY `idprograma` (`idprograma`);

--
-- Indices de la tabla `estudiantemodulo`
--
ALTER TABLE `estudiantemodulo`
  ADD PRIMARY KEY (`idestudiante`,`idmodulo`),
  ADD KEY `idmodulo` (`idmodulo`);

--
-- Indices de la tabla `estudianteprograma`
--
ALTER TABLE `estudianteprograma`
  ADD PRIMARY KEY (`idestudiante`,`idprograma`),
  ADD KEY `idmodulo` (`idprograma`);

--
-- Indices de la tabla `estudiantetramite`
--
ALTER TABLE `estudiantetramite`
  ADD PRIMARY KEY (`idestudiante`,`idprograma`,`idtramite`),
  ADD KEY `idprograma` (`idprograma`),
  ADD KEY `idtramite` (`idtramite`);

--
-- Indices de la tabla `modulo`
--
ALTER TABLE `modulo`
  ADD PRIMARY KEY (`idmodulo`),
  ADD KEY `idprograma` (`idprograma`),
  ADD KEY `iddocente` (`iddocente`);

--
-- Indices de la tabla `multas`
--
ALTER TABLE `multas`
  ADD PRIMARY KEY (`idmulta`),
  ADD KEY `idestudiante` (`idestudiante`),
  ADD KEY `idprograma` (`idprograma`);

--
-- Indices de la tabla `pago`
--
ALTER TABLE `pago`
  ADD PRIMARY KEY (`idestudiante`,`idtipopago`,`idprograma`),
  ADD KEY `idprograma` (`idprograma`),
  ADD KEY `idtipopago` (`idtipopago`);

--
-- Indices de la tabla `persona`
--
ALTER TABLE `persona`
  ADD PRIMARY KEY (`idpersona`);

--
-- Indices de la tabla `programa`
--
ALTER TABLE `programa`
  ADD PRIMARY KEY (`idprograma`);

--
-- Indices de la tabla `rol`
--
ALTER TABLE `rol`
  ADD PRIMARY KEY (`idrol`);

--
-- Indices de la tabla `tipopago`
--
ALTER TABLE `tipopago`
  ADD PRIMARY KEY (`idtipopago`);

--
-- Indices de la tabla `tramite`
--
ALTER TABLE `tramite`
  ADD PRIMARY KEY (`idtramite`);

--
-- Indices de la tabla `usuario`
--
ALTER TABLE `usuario`
  ADD PRIMARY KEY (`idusuario`),
  ADD KEY `idpersona` (`idpersona`),
  ADD KEY `idrol` (`idrol`);

--
-- AUTO_INCREMENT de las tablas volcadas
--

--
-- AUTO_INCREMENT de la tabla `documento`
--
ALTER TABLE `documento`
  MODIFY `iddocumento` int(11) NOT NULL AUTO_INCREMENT, AUTO_INCREMENT=10;

--
-- AUTO_INCREMENT de la tabla `documentoarchivo`
--
ALTER TABLE `documentoarchivo`
  MODIFY `iddocumentoarchivo` int(11) NOT NULL AUTO_INCREMENT;

--
-- AUTO_INCREMENT de la tabla `estudiante`
--
ALTER TABLE `estudiante`
  MODIFY `idestudiante` int(11) NOT NULL AUTO_INCREMENT, AUTO_INCREMENT=251;

--
-- AUTO_INCREMENT de la tabla `modulo`
--
ALTER TABLE `modulo`
  MODIFY `idmodulo` int(11) NOT NULL AUTO_INCREMENT, AUTO_INCREMENT=52;

--
-- AUTO_INCREMENT de la tabla `multas`
--
ALTER TABLE `multas`
  MODIFY `idmulta` int(11) NOT NULL AUTO_INCREMENT;

--
-- AUTO_INCREMENT de la tabla `persona`
--
ALTER TABLE `persona`
  MODIFY `idpersona` int(11) NOT NULL AUTO_INCREMENT, AUTO_INCREMENT=322;

--
-- AUTO_INCREMENT de la tabla `programa`
--
ALTER TABLE `programa`
  MODIFY `idprograma` int(11) NOT NULL AUTO_INCREMENT, AUTO_INCREMENT=7;

--
-- AUTO_INCREMENT de la tabla `rol`
--
ALTER TABLE `rol`
  MODIFY `idrol` int(11) NOT NULL AUTO_INCREMENT, AUTO_INCREMENT=4;

--
-- AUTO_INCREMENT de la tabla `tipopago`
--
ALTER TABLE `tipopago`
  MODIFY `idtipopago` int(11) NOT NULL AUTO_INCREMENT, AUTO_INCREMENT=74;

--
-- AUTO_INCREMENT de la tabla `tramite`
--
ALTER TABLE `tramite`
  MODIFY `idtramite` int(11) NOT NULL AUTO_INCREMENT, AUTO_INCREMENT=7;

--
-- AUTO_INCREMENT de la tabla `usuario`
--
ALTER TABLE `usuario`
  MODIFY `idusuario` int(11) NOT NULL AUTO_INCREMENT, AUTO_INCREMENT=322;

--
-- Restricciones para tablas volcadas
--

--
-- Filtros para la tabla `docente`
--
ALTER TABLE `docente`
  ADD CONSTRAINT `docente_ibfk_1` FOREIGN KEY (`idpersona`) REFERENCES `persona` (`idpersona`) ON DELETE CASCADE ON UPDATE CASCADE;

--
-- Filtros para la tabla `documentoarchivo`
--
ALTER TABLE `documentoarchivo`
  ADD CONSTRAINT `documentoarchivo_ibfk_1` FOREIGN KEY (`idprograma`) REFERENCES `programa` (`idprograma`),
  ADD CONSTRAINT `documentoarchivo_ibfk_2` FOREIGN KEY (`idestudiante`) REFERENCES `estudiante` (`idestudiante`);

--
-- Filtros para la tabla `estudiante`
--
ALTER TABLE `estudiante`
  ADD CONSTRAINT `estudiante_ibfk_1` FOREIGN KEY (`idpersona`) REFERENCES `persona` (`idpersona`);

--
-- Filtros para la tabla `estudiantedocumento`
--
ALTER TABLE `estudiantedocumento`
  ADD CONSTRAINT `estudiantedocumento_ibfk_1` FOREIGN KEY (`idestudiante`) REFERENCES `estudiante` (`idestudiante`) ON DELETE CASCADE ON UPDATE CASCADE,
  ADD CONSTRAINT `estudiantedocumento_ibfk_2` FOREIGN KEY (`iddocumento`) REFERENCES `documento` (`iddocumento`) ON DELETE CASCADE ON UPDATE CASCADE,
  ADD CONSTRAINT `estudiantedocumento_ibfk_3` FOREIGN KEY (`idprograma`) REFERENCES `programa` (`idprograma`) ON DELETE CASCADE ON UPDATE CASCADE;

--
-- Filtros para la tabla `estudiantemodulo`
--
ALTER TABLE `estudiantemodulo`
  ADD CONSTRAINT `estudiantemodulo_ibfk_1` FOREIGN KEY (`idestudiante`) REFERENCES `estudiante` (`idestudiante`) ON DELETE CASCADE ON UPDATE CASCADE,
  ADD CONSTRAINT `estudiantemodulo_ibfk_2` FOREIGN KEY (`idmodulo`) REFERENCES `modulo` (`idmodulo`) ON DELETE CASCADE ON UPDATE CASCADE;

--
-- Filtros para la tabla `estudianteprograma`
--
ALTER TABLE `estudianteprograma`
  ADD CONSTRAINT `estudianteprograma_ibfk_1` FOREIGN KEY (`idestudiante`) REFERENCES `estudiante` (`idestudiante`) ON DELETE CASCADE ON UPDATE CASCADE,
  ADD CONSTRAINT `estudianteprograma_ibfk_2` FOREIGN KEY (`idprograma`) REFERENCES `programa` (`idprograma`) ON DELETE CASCADE ON UPDATE CASCADE;

--
-- Filtros para la tabla `estudiantetramite`
--
ALTER TABLE `estudiantetramite`
  ADD CONSTRAINT `estudiantetramite_ibfk_1` FOREIGN KEY (`idestudiante`) REFERENCES `estudiante` (`idestudiante`) ON DELETE CASCADE ON UPDATE CASCADE,
  ADD CONSTRAINT `estudiantetramite_ibfk_2` FOREIGN KEY (`idprograma`) REFERENCES `programa` (`idprograma`) ON DELETE CASCADE ON UPDATE CASCADE,
  ADD CONSTRAINT `estudiantetramite_ibfk_3` FOREIGN KEY (`idtramite`) REFERENCES `tramite` (`idtramite`) ON DELETE CASCADE ON UPDATE CASCADE;

--
-- Filtros para la tabla `modulo`
--
ALTER TABLE `modulo`
  ADD CONSTRAINT `modulo_ibfk_1` FOREIGN KEY (`iddocente`) REFERENCES `docente` (`idpersona`) ON DELETE CASCADE ON UPDATE CASCADE;

--
-- Filtros para la tabla `multas`
--
ALTER TABLE `multas`
  ADD CONSTRAINT `multas_ibfk_1` FOREIGN KEY (`idestudiante`) REFERENCES `estudiante` (`idestudiante`) ON DELETE CASCADE ON UPDATE CASCADE,
  ADD CONSTRAINT `multas_ibfk_2` FOREIGN KEY (`idprograma`) REFERENCES `programa` (`idprograma`);

--
-- Filtros para la tabla `pago`
--
ALTER TABLE `pago`
  ADD CONSTRAINT `pago_ibfk_1` FOREIGN KEY (`idestudiante`) REFERENCES `estudiante` (`idestudiante`) ON DELETE CASCADE ON UPDATE CASCADE,
  ADD CONSTRAINT `pago_ibfk_2` FOREIGN KEY (`idprograma`) REFERENCES `programa` (`idprograma`) ON DELETE CASCADE ON UPDATE CASCADE,
  ADD CONSTRAINT `pago_ibfk_3` FOREIGN KEY (`idtipopago`) REFERENCES `tipopago` (`idtipopago`) ON DELETE CASCADE ON UPDATE CASCADE;

--
-- Filtros para la tabla `usuario`
--
ALTER TABLE `usuario`
  ADD CONSTRAINT `usuario_ibfk_1` FOREIGN KEY (`idpersona`) REFERENCES `persona` (`idpersona`) ON DELETE CASCADE ON UPDATE CASCADE,
  ADD CONSTRAINT `usuario_ibfk_2` FOREIGN KEY (`idrol`) REFERENCES `rol` (`idrol`) ON DELETE CASCADE ON UPDATE CASCADE;
COMMIT;

/*!40101 SET CHARACTER_SET_CLIENT=@OLD_CHARACTER_SET_CLIENT */;
/*!40101 SET CHARACTER_SET_RESULTS=@OLD_CHARACTER_SET_RESULTS */;
/*!40101 SET COLLATION_CONNECTION=@OLD_COLLATION_CONNECTION */;
